branch,feature,mean_abs_shap
efficientnet_b0_image_encoder,efficientnet_feature_0,0.0011130585587864061
efficientnet_b0_image_encoder,efficientnet_feature_1,0.0035184431559400764
efficientnet_b0_image_encoder,efficientnet_feature_2,0.0020425144408591223
efficientnet_b0_image_encoder,efficientnet_feature_3,0.0036536705300704853
efficientnet_b0_image_encoder,efficientnet_feature_4,0.001153218516179777
efficientnet_b0_image_encoder,efficientnet_feature_5,0.004326024476597468
efficientnet_b0_image_encoder,efficientnet_feature_6,0.004178525379984421
efficientnet_b0_image_encoder,efficientnet_feature_7,0.0011461142819229053
efficientnet_b0_image_encoder,efficientnet_feature_8,0.0036799084421019757
efficientnet_b0_image_encoder,efficientnet_feature_9,0.0003208457284493704
efficientnet_b0_image_encoder,efficientnet_feature_10,0.0042037677228279335
efficientnet_b0_image_encoder,efficientnet_feature_11,0.005569047968606355
efficientnet_b0_image_encoder,efficientnet_feature_12,0.00011146388418215025
efficientnet_b0_image_encoder,efficientnet_feature_13,0.0004997170888785263
efficientnet_b0_image_encoder,efficientnet_feature_14,0.005659135978078211
efficientnet_b0_image_encoder,efficientnet_feature_15,0.001693115844588533
efficientnet_b0_image_encoder,efficientnet_feature_16,0.006857729243563426
efficientnet_b0_image_encoder,efficientnet_feature_17,0.0062728698756018275
efficientnet_b0_image_encoder,efficientnet_feature_18,0.0005280724685547966
efficientnet_b0_image_encoder,efficientnet_feature_19,0.003982287948929297
efficientnet_b0_image_encoder,efficientnet_feature_20,0.0037567910315488007
efficientnet_b0_image_encoder,efficientnet_feature_21,0.00416959604422118
efficientnet_b0_image_encoder,efficientnet_feature_22,0.0075280094201843895
efficientnet_b0_image_encoder,efficientnet_feature_23,0.0030554885265132725
efficientnet_b0_image_encoder,efficientnet_feature_24,0.0036887892445065518
efficientnet_b0_image_encoder,efficientnet_feature_25,0.0036899571581159307
efficientnet_b0_image_encoder,efficientnet_feature_26,0.004129223340044064
efficientnet_b0_image_encoder,efficientnet_feature_27,0.0017881825995686995
efficientnet_b0_image_encoder,efficientnet_feature_28,0.003466947012498167
efficientnet_b0_image_encoder,efficientnet_feature_29,0.00020243799505514914
efficientnet_b0_image_encoder,efficientnet_feature_30,0.0006789739893662272
efficientnet_b0_image_encoder,efficientnet_feature_31,0.00027039952600205197
efficientnet_b0_image_encoder,efficientnet_feature_32,0.00456116592761191
efficientnet_b0_image_encoder,efficientnet_feature_33,0.00030258114778014544
efficientnet_b0_image_encoder,efficientnet_feature_34,0.0008923816312034205
efficientnet_b0_image_encoder,efficientnet_feature_35,0.0008239444093582904
efficientnet_b0_image_encoder,efficientnet_feature_36,0.006406459689173971
efficientnet_b0_image_encoder,efficientnet_feature_37,0.00039066770122886396
efficientnet_b0_image_encoder,efficientnet_feature_38,0.0006289330293220985
efficientnet_b0_image_encoder,efficientnet_feature_39,0.00029789665085111494
efficientnet_b0_image_encoder,efficientnet_feature_40,0.0007697471675385259
efficientnet_b0_image_encoder,efficientnet_feature_41,0.0007625322270286006
efficientnet_b0_image_encoder,efficientnet_feature_42,0.0015883303653403402
efficientnet_b0_image_encoder,efficientnet_feature_43,0.0014800899670888157
efficientnet_b0_image_encoder,efficientnet_feature_44,0.003677106922538087
efficientnet_b0_image_encoder,efficientnet_feature_45,0.0030727443832461176
efficientnet_b0_image_encoder,efficientnet_feature_46,0.0012826294980072817
efficientnet_b0_image_encoder,efficientnet_feature_47,0.00027357269011041296
efficientnet_b0_image_encoder,efficientnet_feature_48,0.000585860480349254
efficientnet_b0_image_encoder,efficientnet_feature_49,0.001618090124523519
efficientnet_b0_image_encoder,efficientnet_feature_50,0.00031685475532228224
efficientnet_b0_image_encoder,efficientnet_feature_51,0.0021098051793160266
efficientnet_b0_image_encoder,efficientnet_feature_52,0.00011571605003357632
efficientnet_b0_image_encoder,efficientnet_feature_53,0.00242655326348995
efficientnet_b0_image_encoder,efficientnet_feature_54,0.0009593055872016976
efficientnet_b0_image_encoder,efficientnet_feature_55,0.001988192147166501
efficientnet_b0_image_encoder,efficientnet_feature_56,0.007808069981138033
efficientnet_b0_image_encoder,efficientnet_feature_57,0.003297590930809946
efficientnet_b0_image_encoder,efficientnet_feature_58,0.004279355303197008
efficientnet_b0_image_encoder,efficientnet_feature_59,0.0034775375777371664
efficientnet_b0_image_encoder,efficientnet_feature_60,0.0007397045173718197
efficientnet_b0_image_encoder,efficientnet_feature_61,0.006981043142957333
efficientnet_b0_image_encoder,efficientnet_feature_62,0.00346344526749931
efficientnet_b0_image_encoder,efficientnet_feature_63,0.005497099162539598
efficientnet_b0_image_encoder,efficientnet_feature_64,0.0008802641902576624
efficientnet_b0_image_encoder,efficientnet_feature_65,0.002324761641631312
efficientnet_b0_image_encoder,efficientnet_feature_66,0.007310639275601716
efficientnet_b0_image_encoder,efficientnet_feature_67,0.005803442699459538
efficientnet_b0_image_encoder,efficientnet_feature_68,0.0038788240663123474
efficientnet_b0_image_encoder,efficientnet_feature_69,0.004471837447681537
efficientnet_b0_image_encoder,efficientnet_feature_70,0.0003471291360739315
efficientnet_b0_image_encoder,efficientnet_feature_71,0.0041519923184978325
efficientnet_b0_image_encoder,efficientnet_feature_72,0.0045887387004626135
efficientnet_b0_image_encoder,efficientnet_feature_73,0.002996883722119037
efficientnet_b0_image_encoder,efficientnet_feature_74,0.017408781850917876
efficientnet_b0_image_encoder,efficientnet_feature_75,0.001845899940661866
efficientnet_b0_image_encoder,efficientnet_feature_76,0.010077922966956976
efficientnet_b0_image_encoder,efficientnet_feature_77,0.0015897810088176811
efficientnet_b0_image_encoder,efficientnet_feature_78,0.00297452725135372
efficientnet_b0_image_encoder,efficientnet_feature_79,0.010079316739847854
efficientnet_b0_image_encoder,efficientnet_feature_80,0.002668749904557899
efficientnet_b0_image_encoder,efficientnet_feature_81,0.004851651199572871
efficientnet_b0_image_encoder,efficientnet_feature_82,0.004188084449737062
efficientnet_b0_image_encoder,efficientnet_feature_83,0.0032219263584920554
efficientnet_b0_image_encoder,efficientnet_feature_84,0.005749566760073321
efficientnet_b0_image_encoder,efficientnet_feature_85,0.0029135038600429652
efficientnet_b0_image_encoder,efficientnet_feature_86,0.0037173934400129838
efficientnet_b0_image_encoder,efficientnet_feature_87,0.0008635260223286423
efficientnet_b0_image_encoder,efficientnet_feature_88,0.007889408069559067
efficientnet_b0_image_encoder,efficientnet_feature_89,0.004072410832463902
efficientnet_b0_image_encoder,efficientnet_feature_90,0.0062577009150004415
efficientnet_b0_image_encoder,efficientnet_feature_91,0.0063587030489884455
efficientnet_b0_image_encoder,efficientnet_feature_92,0.0004003747865866103
efficientnet_b0_image_encoder,efficientnet_feature_93,0.0007644680919582925
efficientnet_b0_image_encoder,efficientnet_feature_94,0.0029366428869366246
efficientnet_b0_image_encoder,efficientnet_feature_95,0.004003185981844126
efficientnet_b0_image_encoder,efficientnet_feature_96,0.0043768404095771984
efficientnet_b0_image_encoder,efficientnet_feature_97,0.0007301689570056169
efficientnet_b0_image_encoder,efficientnet_feature_98,0.0023728841717911564
efficientnet_b0_image_encoder,efficientnet_feature_99,0.003518146700827174
efficientnet_b0_image_encoder,efficientnet_feature_100,0.0004168054824802425
efficientnet_b0_image_encoder,efficientnet_feature_101,0.0010687035354806085
efficientnet_b0_image_encoder,efficientnet_feature_102,0.00359046508560823
efficientnet_b0_image_encoder,efficientnet_feature_103,0.0007127898821721601
efficientnet_b0_image_encoder,efficientnet_feature_104,0.003984099379806594
efficientnet_b0_image_encoder,efficientnet_feature_105,0.002358030699980418
efficientnet_b0_image_encoder,efficientnet_feature_106,0.0017581195854461384
efficientnet_b0_image_encoder,efficientnet_feature_107,0.005471778849027942
efficientnet_b0_image_encoder,efficientnet_feature_108,0.0003082519267998407
efficientnet_b0_image_encoder,efficientnet_feature_109,0.0033576977106974937
efficientnet_b0_image_encoder,efficientnet_feature_110,0.00593560182528563
efficientnet_b0_image_encoder,efficientnet_feature_111,0.008191512466112272
efficientnet_b0_image_encoder,efficientnet_feature_112,0.004157328167593732
efficientnet_b0_image_encoder,efficientnet_feature_113,0.004645641171464376
efficientnet_b0_image_encoder,efficientnet_feature_114,0.0022464024021360274
efficientnet_b0_image_encoder,efficientnet_feature_115,0.004116568362064754
efficientnet_b0_image_encoder,efficientnet_feature_116,0.0018351907197029504
efficientnet_b0_image_encoder,efficientnet_feature_117,0.00024080618941724197
efficientnet_b0_image_encoder,efficientnet_feature_118,0.00396238531641302
efficientnet_b0_image_encoder,efficientnet_feature_119,0.004040829779484056
efficientnet_b0_image_encoder,efficientnet_feature_120,0.005375793096504822
efficientnet_b0_image_encoder,efficientnet_feature_121,0.0017732811855850628
efficientnet_b0_image_encoder,efficientnet_feature_122,0.0007253097653912022
efficientnet_b0_image_encoder,efficientnet_feature_123,0.0006553931618711317
efficientnet_b0_image_encoder,efficientnet_feature_124,0.005657657733166843
efficientnet_b0_image_encoder,efficientnet_feature_125,0.004537572268304757
efficientnet_b0_image_encoder,efficientnet_feature_126,0.006242440111918768
efficientnet_b0_image_encoder,efficientnet_feature_127,0.0009473540447828555
efficientnet_b0_image_encoder,efficientnet_feature_128,0.005748947388894976
efficientnet_b0_image_encoder,efficientnet_feature_129,0.0029709637476571515
efficientnet_b0_image_encoder,efficientnet_feature_130,0.0026937465103031855
efficientnet_b0_image_encoder,efficientnet_feature_131,0.003026735301091321
efficientnet_b0_image_encoder,efficientnet_feature_132,0.0031942205148993708
efficientnet_b0_image_encoder,efficientnet_feature_133,0.0013402526591619335
efficientnet_b0_image_encoder,efficientnet_feature_134,0.006351275043073201
efficientnet_b0_image_encoder,efficientnet_feature_135,0.003450449117053722
efficientnet_b0_image_encoder,efficientnet_feature_136,0.0021974990421540497
efficientnet_b0_image_encoder,efficientnet_feature_137,0.0036255501688060576
efficientnet_b0_image_encoder,efficientnet_feature_138,0.004016856226030541
efficientnet_b0_image_encoder,efficientnet_feature_139,0.0051307250320178355
efficientnet_b0_image_encoder,efficientnet_feature_140,0.0018086412188687007
efficientnet_b0_image_encoder,efficientnet_feature_141,0.0072334923656285355
efficientnet_b0_image_encoder,efficientnet_feature_142,0.0003536869465676773
efficientnet_b0_image_encoder,efficientnet_feature_143,0.0009188093679028952
efficientnet_b0_image_encoder,efficientnet_feature_144,0.002361701080758394
efficientnet_b0_image_encoder,efficientnet_feature_145,0.003473333934493894
efficientnet_b0_image_encoder,efficientnet_feature_146,0.0029419438568112355
efficientnet_b0_image_encoder,efficientnet_feature_147,0.006005997118336381
efficientnet_b0_image_encoder,efficientnet_feature_148,0.0009479920411052944
efficientnet_b0_image_encoder,efficientnet_feature_149,0.005951183343768207
efficientnet_b0_image_encoder,efficientnet_feature_150,0.004286220311769284
efficientnet_b0_image_encoder,efficientnet_feature_151,0.0045062990557198646
efficientnet_b0_image_encoder,efficientnet_feature_152,0.0004278021115240449
efficientnet_b0_image_encoder,efficientnet_feature_153,0.0032547537159075546
efficientnet_b0_image_encoder,efficientnet_feature_154,0.00157101835316098
efficientnet_b0_image_encoder,efficientnet_feature_155,0.0035453098259381477
efficientnet_b0_image_encoder,efficientnet_feature_156,0.003391598261401896
efficientnet_b0_image_encoder,efficientnet_feature_157,0.0015446372343248527
efficientnet_b0_image_encoder,efficientnet_feature_158,0.004332432179239731
efficientnet_b0_image_encoder,efficientnet_feature_159,0.002104201994484356
efficientnet_b0_image_encoder,efficientnet_feature_160,0.003919057887344479
efficientnet_b0_image_encoder,efficientnet_feature_161,0.001287176857289296
efficientnet_b0_image_encoder,efficientnet_feature_162,0.0019055124408566826
efficientnet_b0_image_encoder,efficientnet_feature_163,0.0011457026131083126
efficientnet_b0_image_encoder,efficientnet_feature_164,0.0033399932430882018
efficientnet_b0_image_encoder,efficientnet_feature_165,0.006701311394863296
efficientnet_b0_image_encoder,efficientnet_feature_166,0.002747522773532296
efficientnet_b0_image_encoder,efficientnet_feature_167,0.0029108136476452273
efficientnet_b0_image_encoder,efficientnet_feature_168,0.004454496027449295
efficientnet_b0_image_encoder,efficientnet_feature_169,0.002416518203403939
efficientnet_b0_image_encoder,efficientnet_feature_170,0.00036241782388124477
efficientnet_b0_image_encoder,efficientnet_feature_171,0.0006852755625459395
efficientnet_b0_image_encoder,efficientnet_feature_172,0.004291440240990596
efficientnet_b0_image_encoder,efficientnet_feature_173,0.004760815866745816
efficientnet_b0_image_encoder,efficientnet_feature_174,0.010144436143491475
efficientnet_b0_image_encoder,efficientnet_feature_175,0.0005600166621633207
efficientnet_b0_image_encoder,efficientnet_feature_176,0.0056251256792165805
efficientnet_b0_image_encoder,efficientnet_feature_177,0.00378586534088754
efficientnet_b0_image_encoder,efficientnet_feature_178,0.0008299559148738922
efficientnet_b0_image_encoder,efficientnet_feature_179,0.0012872727987769395
efficientnet_b0_image_encoder,efficientnet_feature_180,0.0008600294061551494
efficientnet_b0_image_encoder,efficientnet_feature_181,0.0038119970679417747
efficientnet_b0_image_encoder,efficientnet_feature_182,0.0004299957208218075
efficientnet_b0_image_encoder,efficientnet_feature_183,0.0005800925324503936
efficientnet_b0_image_encoder,efficientnet_feature_184,0.0004407612190675536
efficientnet_b0_image_encoder,efficientnet_feature_185,0.0007042500265015406
efficientnet_b0_image_encoder,efficientnet_feature_186,0.0036242621113160567
efficientnet_b0_image_encoder,efficientnet_feature_187,0.004954910706942428
efficientnet_b0_image_encoder,efficientnet_feature_188,0.00024622071202706763
efficientnet_b0_image_encoder,efficientnet_feature_189,0.005650053541387479
efficientnet_b0_image_encoder,efficientnet_feature_190,0.0020580677929800117
efficientnet_b0_image_encoder,efficientnet_feature_191,0.001142405984666084
efficientnet_b0_image_encoder,efficientnet_feature_192,0.0007891436006843833
efficientnet_b0_image_encoder,efficientnet_feature_193,0.0025170337855087155
efficientnet_b0_image_encoder,efficientnet_feature_194,0.0016171731178502569
efficientnet_b0_image_encoder,efficientnet_feature_195,0.0057577119102916186
efficientnet_b0_image_encoder,efficientnet_feature_196,0.0041132708012128205
efficientnet_b0_image_encoder,efficientnet_feature_197,0.005228369434234992
efficientnet_b0_image_encoder,efficientnet_feature_198,0.005235597058344865
efficientnet_b0_image_encoder,efficientnet_feature_199,0.0018657023426555952
efficientnet_b0_image_encoder,efficientnet_feature_200,0.007513787283301099
efficientnet_b0_image_encoder,efficientnet_feature_201,0.0008559764723230501
efficientnet_b0_image_encoder,efficientnet_feature_202,0.002812945770870101
efficientnet_b0_image_encoder,efficientnet_feature_203,0.005377109510959599
efficientnet_b0_image_encoder,efficientnet_feature_204,0.007677592726224702
efficientnet_b0_image_encoder,efficientnet_feature_205,0.007339638879329868
efficientnet_b0_image_encoder,efficientnet_feature_206,0.0016446908789760073
efficientnet_b0_image_encoder,efficientnet_feature_207,0.0007927418390565322
efficientnet_b0_image_encoder,efficientnet_feature_208,0.0011922605521306195
efficientnet_b0_image_encoder,efficientnet_feature_209,0.0021151191614592335
efficientnet_b0_image_encoder,efficientnet_feature_210,0.00406181450762233
efficientnet_b0_image_encoder,efficientnet_feature_211,0.0026602124809187444
efficientnet_b0_image_encoder,efficientnet_feature_212,0.004732399405838805
efficientnet_b0_image_encoder,efficientnet_feature_213,0.0009404520132250127
efficientnet_b0_image_encoder,efficientnet_feature_214,0.00410914736119139
efficientnet_b0_image_encoder,efficientnet_feature_215,0.0011255880468183932
efficientnet_b0_image_encoder,efficientnet_feature_216,0.0012315032781344826
efficientnet_b0_image_encoder,efficientnet_feature_217,0.004097031924004568
efficientnet_b0_image_encoder,efficientnet_feature_218,0.0017147418506340273
efficientnet_b0_image_encoder,efficientnet_feature_219,0.000672050733268037
efficientnet_b0_image_encoder,efficientnet_feature_220,0.0047764844978814835
efficientnet_b0_image_encoder,efficientnet_feature_221,0.0022901307826117545
efficientnet_b0_image_encoder,efficientnet_feature_222,0.000727045068439125
efficientnet_b0_image_encoder,efficientnet_feature_223,0.002635902652855293
efficientnet_b0_image_encoder,efficientnet_feature_224,0.0017387823106389533
efficientnet_b0_image_encoder,efficientnet_feature_225,0.0025142600924823455
efficientnet_b0_image_encoder,efficientnet_feature_226,0.0019184783353125567
efficientnet_b0_image_encoder,efficientnet_feature_227,0.0059609419683965825
efficientnet_b0_image_encoder,efficientnet_feature_228,0.006596423783207683
efficientnet_b0_image_encoder,efficientnet_feature_229,0.0034219722698765054
efficientnet_b0_image_encoder,efficientnet_feature_230,0.004518753543152343
efficientnet_b0_image_encoder,efficientnet_feature_231,0.004152804173827462
efficientnet_b0_image_encoder,efficientnet_feature_232,0.0027040255293968585
efficientnet_b0_image_encoder,efficientnet_feature_233,0.009144560061145057
efficientnet_b0_image_encoder,efficientnet_feature_234,0.009390761041686346
efficientnet_b0_image_encoder,efficientnet_feature_235,0.0034968364289369447
efficientnet_b0_image_encoder,efficientnet_feature_236,0.0012064947043199936
efficientnet_b0_image_encoder,efficientnet_feature_237,0.006378227703351058
efficientnet_b0_image_encoder,efficientnet_feature_238,0.0014076286220756629
efficientnet_b0_image_encoder,efficientnet_feature_239,0.0072570106999023665
efficientnet_b0_image_encoder,efficientnet_feature_240,0.0037402355386007002
efficientnet_b0_image_encoder,efficientnet_feature_241,0.006124903676266058
efficientnet_b0_image_encoder,efficientnet_feature_242,0.003713410068826306
efficientnet_b0_image_encoder,efficientnet_feature_243,0.005728292079879793
efficientnet_b0_image_encoder,efficientnet_feature_244,0.005496006709563517
efficientnet_b0_image_encoder,efficientnet_feature_245,0.0008533351103103826
efficientnet_b0_image_encoder,efficientnet_feature_246,0.0011389436593489677
efficientnet_b0_image_encoder,efficientnet_feature_247,0.009965374079797584
efficientnet_b0_image_encoder,efficientnet_feature_248,0.0007422027018364474
efficientnet_b0_image_encoder,efficientnet_feature_249,0.0015975610250507088
efficientnet_b0_image_encoder,efficientnet_feature_250,0.0009659646035515834
efficientnet_b0_image_encoder,efficientnet_feature_251,0.0007598230432961373
efficientnet_b0_image_encoder,efficientnet_feature_252,0.00286889840430149
efficientnet_b0_image_encoder,efficientnet_feature_253,0.004012420522997218
efficientnet_b0_image_encoder,efficientnet_feature_254,0.003431739194169836
efficientnet_b0_image_encoder,efficientnet_feature_255,0.006237622844764701
efficientnet_b0_image_encoder,efficientnet_feature_256,0.0015585599738443534
efficientnet_b0_image_encoder,efficientnet_feature_257,0.003352187729660727
efficientnet_b0_image_encoder,efficientnet_feature_258,0.0007675979982195713
efficientnet_b0_image_encoder,efficientnet_feature_259,0.0013721380729805333
efficientnet_b0_image_encoder,efficientnet_feature_260,0.00292335477575989
efficientnet_b0_image_encoder,efficientnet_feature_261,0.0042651339524582
efficientnet_b0_image_encoder,efficientnet_feature_262,0.006314674166162604
efficientnet_b0_image_encoder,efficientnet_feature_263,0.0015979125732243915
efficientnet_b0_image_encoder,efficientnet_feature_264,0.006194969527058447
efficientnet_b0_image_encoder,efficientnet_feature_265,0.0010168955146525605
efficientnet_b0_image_encoder,efficientnet_feature_266,0.005179949622515778
efficientnet_b0_image_encoder,efficientnet_feature_267,0.00025004832135433475
efficientnet_b0_image_encoder,efficientnet_feature_268,0.0028297254270910344
efficientnet_b0_image_encoder,efficientnet_feature_269,0.0009807976509392802
efficientnet_b0_image_encoder,efficientnet_feature_270,0.007545236973385272
efficientnet_b0_image_encoder,efficientnet_feature_271,0.002749100157529938
efficientnet_b0_image_encoder,efficientnet_feature_272,0.0006872403097020197
efficientnet_b0_image_encoder,efficientnet_feature_273,9.139141546121721e-05
efficientnet_b0_image_encoder,efficientnet_feature_274,0.003618745190124173
efficientnet_b0_image_encoder,efficientnet_feature_275,0.000845377508284173
efficientnet_b0_image_encoder,efficientnet_feature_276,0.006071312585390842
efficientnet_b0_image_encoder,efficientnet_feature_277,0.006432156991536431
efficientnet_b0_image_encoder,efficientnet_feature_278,0.0021980544374855526
efficientnet_b0_image_encoder,efficientnet_feature_279,0.006668975661625609
efficientnet_b0_image_encoder,efficientnet_feature_280,0.003137482974921113
efficientnet_b0_image_encoder,efficientnet_feature_281,0.003401551653524848
efficientnet_b0_image_encoder,efficientnet_feature_282,0.006690893523966679
efficientnet_b0_image_encoder,efficientnet_feature_283,0.0011115048663583593
efficientnet_b0_image_encoder,efficientnet_feature_284,0.0008219407320844141
efficientnet_b0_image_encoder,efficientnet_feature_285,0.0012967547625635234
efficientnet_b0_image_encoder,efficientnet_feature_286,0.0038545899144537543
efficientnet_b0_image_encoder,efficientnet_feature_287,0.0025589095531302064
efficientnet_b0_image_encoder,efficientnet_feature_288,0.0032466487425395485
efficientnet_b0_image_encoder,efficientnet_feature_289,0.003041771382953584
efficientnet_b0_image_encoder,efficientnet_feature_290,0.006057719683553842
efficientnet_b0_image_encoder,efficientnet_feature_291,0.0009743343303938445
efficientnet_b0_image_encoder,efficientnet_feature_292,0.0027478906506956946
efficientnet_b0_image_encoder,efficientnet_feature_293,0.004216083278606675
efficientnet_b0_image_encoder,efficientnet_feature_294,0.0047127617032174385
efficientnet_b0_image_encoder,efficientnet_feature_295,0.0010290421602903166
efficientnet_b0_image_encoder,efficientnet_feature_296,0.0037019721415845197
efficientnet_b0_image_encoder,efficientnet_feature_297,0.00539116259506045
efficientnet_b0_image_encoder,efficientnet_feature_298,0.0026890044577498884
efficientnet_b0_image_encoder,efficientnet_feature_299,0.002822404064318107
efficientnet_b0_image_encoder,efficientnet_feature_300,0.0015079762450227463
efficientnet_b0_image_encoder,efficientnet_feature_301,0.0053941434773037145
efficientnet_b0_image_encoder,efficientnet_feature_302,0.0011679005469460435
efficientnet_b0_image_encoder,efficientnet_feature_303,0.0007926595640697087
efficientnet_b0_image_encoder,efficientnet_feature_304,0.004654340015576963
efficientnet_b0_image_encoder,efficientnet_feature_305,0.0019232724806101942
efficientnet_b0_image_encoder,efficientnet_feature_306,0.003378536152467859
efficientnet_b0_image_encoder,efficientnet_feature_307,0.0040080430910620635
efficientnet_b0_image_encoder,efficientnet_feature_308,0.013476812922817771
efficientnet_b0_image_encoder,efficientnet_feature_309,0.006521048162426268
efficientnet_b0_image_encoder,efficientnet_feature_310,0.006423259219104693
efficientnet_b0_image_encoder,efficientnet_feature_311,0.000421868266364811
efficientnet_b0_image_encoder,efficientnet_feature_312,0.0011791123606883502
efficientnet_b0_image_encoder,efficientnet_feature_313,0.0007538992184414894
efficientnet_b0_image_encoder,efficientnet_feature_314,0.00290747001707814
efficientnet_b0_image_encoder,efficientnet_feature_315,0.006861552798000048
efficientnet_b0_image_encoder,efficientnet_feature_316,0.0001844042429937076
efficientnet_b0_image_encoder,efficientnet_feature_317,0.0027389519132299256
efficientnet_b0_image_encoder,efficientnet_feature_318,0.002525505529234806
efficientnet_b0_image_encoder,efficientnet_feature_319,0.004722143170511117
efficientnet_b0_image_encoder,efficientnet_feature_320,0.0016555819199055577
efficientnet_b0_image_encoder,efficientnet_feature_321,0.004924425453580739
efficientnet_b0_image_encoder,efficientnet_feature_322,0.004945100910845213
efficientnet_b0_image_encoder,efficientnet_feature_323,0.004997467756993501
efficientnet_b0_image_encoder,efficientnet_feature_324,0.00368598057627878
efficientnet_b0_image_encoder,efficientnet_feature_325,0.006130208721174313
efficientnet_b0_image_encoder,efficientnet_feature_326,0.0009711351786378941
efficientnet_b0_image_encoder,efficientnet_feature_327,0.00485666416722097
efficientnet_b0_image_encoder,efficientnet_feature_328,0.008021503192935597
efficientnet_b0_image_encoder,efficientnet_feature_329,0.0030588175786760985
efficientnet_b0_image_encoder,efficientnet_feature_330,0.00020980703035933246
efficientnet_b0_image_encoder,efficientnet_feature_331,0.0003662807322939443
efficientnet_b0_image_encoder,efficientnet_feature_332,0.0018027542178060685
efficientnet_b0_image_encoder,efficientnet_feature_333,0.003908314364252874
efficientnet_b0_image_encoder,efficientnet_feature_334,0.004224585859219587
efficientnet_b0_image_encoder,efficientnet_feature_335,0.0011794968928029448
efficientnet_b0_image_encoder,efficientnet_feature_336,0.002896735069555234
efficientnet_b0_image_encoder,efficientnet_feature_337,0.0021840853153491935
efficientnet_b0_image_encoder,efficientnet_feature_338,0.0027794142831538693
efficientnet_b0_image_encoder,efficientnet_feature_339,0.0003816935873288685
efficientnet_b0_image_encoder,efficientnet_feature_340,0.005011732521779777
efficientnet_b0_image_encoder,efficientnet_feature_341,0.004109446667143857
efficientnet_b0_image_encoder,efficientnet_feature_342,0.004481623502726961
efficientnet_b0_image_encoder,efficientnet_feature_343,0.00372658070534726
efficientnet_b0_image_encoder,efficientnet_feature_344,0.0015583535357492906
efficientnet_b0_image_encoder,efficientnet_feature_345,0.006643891488238296
efficientnet_b0_image_encoder,efficientnet_feature_346,0.001547583881972514
efficientnet_b0_image_encoder,efficientnet_feature_347,0.00488904114001798
efficientnet_b0_image_encoder,efficientnet_feature_348,0.00045706049513682956
efficientnet_b0_image_encoder,efficientnet_feature_349,0.003222667239413113
efficientnet_b0_image_encoder,efficientnet_feature_350,0.0023319771754017893
efficientnet_b0_image_encoder,efficientnet_feature_351,0.00034795797554743046
efficientnet_b0_image_encoder,efficientnet_feature_352,0.001370519989194463
efficientnet_b0_image_encoder,efficientnet_feature_353,0.00023062769145520967
efficientnet_b0_image_encoder,efficientnet_feature_354,0.005525560458863765
efficientnet_b0_image_encoder,efficientnet_feature_355,0.003241239563067211
efficientnet_b0_image_encoder,efficientnet_feature_356,0.00026740796618085483
efficientnet_b0_image_encoder,efficientnet_feature_357,0.0006200630219090897
efficientnet_b0_image_encoder,efficientnet_feature_358,0.011141218147486143
efficientnet_b0_image_encoder,efficientnet_feature_359,0.0043573520139261745
efficientnet_b0_image_encoder,efficientnet_feature_360,0.0003252221510194886
efficientnet_b0_image_encoder,efficientnet_feature_361,0.0033642223547758476
efficientnet_b0_image_encoder,efficientnet_feature_362,0.0024665365739338085
efficientnet_b0_image_encoder,efficientnet_feature_363,0.008535462457302856
efficientnet_b0_image_encoder,efficientnet_feature_364,0.006235002477978924
efficientnet_b0_image_encoder,efficientnet_feature_365,8.046220581148233e-05
efficientnet_b0_image_encoder,efficientnet_feature_366,0.006105109865757186
efficientnet_b0_image_encoder,efficientnet_feature_367,0.001447612128572473
efficientnet_b0_image_encoder,efficientnet_feature_368,0.0025613752274580293
efficientnet_b0_image_encoder,efficientnet_feature_369,0.0064076902009162495
efficientnet_b0_image_encoder,efficientnet_feature_370,0.001127730612424216
efficientnet_b0_image_encoder,efficientnet_feature_371,0.0031865447237748867
efficientnet_b0_image_encoder,efficientnet_feature_372,0.006073200109199206
efficientnet_b0_image_encoder,efficientnet_feature_373,0.0060387462151538784
efficientnet_b0_image_encoder,efficientnet_feature_374,0.000524007957658057
efficientnet_b0_image_encoder,efficientnet_feature_375,0.0005178412497741647
efficientnet_b0_image_encoder,efficientnet_feature_376,0.00392237310042276
efficientnet_b0_image_encoder,efficientnet_feature_377,0.000917966329183173
efficientnet_b0_image_encoder,efficientnet_feature_378,0.0017329640072034636
efficientnet_b0_image_encoder,efficientnet_feature_379,0.004142750978417098
efficientnet_b0_image_encoder,efficientnet_feature_380,0.0013454947036208864
efficientnet_b0_image_encoder,efficientnet_feature_381,0.005227677239872719
efficientnet_b0_image_encoder,efficientnet_feature_382,0.008941270929199163
efficientnet_b0_image_encoder,efficientnet_feature_383,0.0032060585430429
efficientnet_b0_image_encoder,efficientnet_feature_384,0.0009049793821027663
efficientnet_b0_image_encoder,efficientnet_feature_385,0.003637870741528104
efficientnet_b0_image_encoder,efficientnet_feature_386,0.0063913462267919385
efficientnet_b0_image_encoder,efficientnet_feature_387,0.0033987205305834323
efficientnet_b0_image_encoder,efficientnet_feature_388,0.004820902935989579
efficientnet_b0_image_encoder,efficientnet_feature_389,0.01304306337124217
efficientnet_b0_image_encoder,efficientnet_feature_390,0.0017813736048708506
efficientnet_b0_image_encoder,efficientnet_feature_391,0.0008361445845483928
efficientnet_b0_image_encoder,efficientnet_feature_392,0.00636698944509817
efficientnet_b0_image_encoder,efficientnet_feature_393,0.004373928495468249
efficientnet_b0_image_encoder,efficientnet_feature_394,0.0018745546242371347
efficientnet_b0_image_encoder,efficientnet_feature_395,0.002841898939323073
efficientnet_b0_image_encoder,efficientnet_feature_396,0.0009616580198326119
efficientnet_b0_image_encoder,efficientnet_feature_397,0.0012243190327012599
efficientnet_b0_image_encoder,efficientnet_feature_398,0.0019954458634572347
efficientnet_b0_image_encoder,efficientnet_feature_399,0.004528208802184963
efficientnet_b0_image_encoder,efficientnet_feature_400,0.0041107768358301655
efficientnet_b0_image_encoder,efficientnet_feature_401,0.008552652889420642
efficientnet_b0_image_encoder,efficientnet_feature_402,0.00036711586522386597
efficientnet_b0_image_encoder,efficientnet_feature_403,0.002365259476960091
efficientnet_b0_image_encoder,efficientnet_feature_404,0.007345309072491091
efficientnet_b0_image_encoder,efficientnet_feature_405,0.00703175906778597
efficientnet_b0_image_encoder,efficientnet_feature_406,0.0025498253955476002
efficientnet_b0_image_encoder,efficientnet_feature_407,0.0018864395817246304
efficientnet_b0_image_encoder,efficientnet_feature_408,0.002185325438063046
efficientnet_b0_image_encoder,efficientnet_feature_409,0.002369229723569788
efficientnet_b0_image_encoder,efficientnet_feature_410,0.0013482236676054526
efficientnet_b0_image_encoder,efficientnet_feature_411,0.0009742060101984862
efficientnet_b0_image_encoder,efficientnet_feature_412,0.003708583981051561
efficientnet_b0_image_encoder,efficientnet_feature_413,0.004972064129454168
efficientnet_b0_image_encoder,efficientnet_feature_414,0.0035421464526450563
efficientnet_b0_image_encoder,efficientnet_feature_415,0.002399843182843142
efficientnet_b0_image_encoder,efficientnet_feature_416,0.0009818698502552792
efficientnet_b0_image_encoder,efficientnet_feature_417,0.0032037188275779727
efficientnet_b0_image_encoder,efficientnet_feature_418,0.0032310832773987386
efficientnet_b0_image_encoder,efficientnet_feature_419,0.0014968119817950765
efficientnet_b0_image_encoder,efficientnet_feature_420,0.0017151546399247763
efficientnet_b0_image_encoder,efficientnet_feature_421,0.006095235136513111
efficientnet_b0_image_encoder,efficientnet_feature_422,0.003362442424361234
efficientnet_b0_image_encoder,efficientnet_feature_423,0.007178184418762612
efficientnet_b0_image_encoder,efficientnet_feature_424,0.008210196452296259
efficientnet_b0_image_encoder,efficientnet_feature_425,0.006042525345151262
efficientnet_b0_image_encoder,efficientnet_feature_426,0.007362271027005818
efficientnet_b0_image_encoder,efficientnet_feature_427,0.005541446260963312
efficientnet_b0_image_encoder,efficientnet_feature_428,0.00046012905038139706
efficientnet_b0_image_encoder,efficientnet_feature_429,0.0019049602733289817
efficientnet_b0_image_encoder,efficientnet_feature_430,0.006929435869324152
efficientnet_b0_image_encoder,efficientnet_feature_431,0.005861654673594785
efficientnet_b0_image_encoder,efficientnet_feature_432,0.007739410670410507
efficientnet_b0_image_encoder,efficientnet_feature_433,0.002393877579322634
efficientnet_b0_image_encoder,efficientnet_feature_434,0.002640440067281702
efficientnet_b0_image_encoder,efficientnet_feature_435,0.0020595497144313413
efficientnet_b0_image_encoder,efficientnet_feature_436,0.0026686245936247133
efficientnet_b0_image_encoder,efficientnet_feature_437,0.0030998527707879475
efficientnet_b0_image_encoder,efficientnet_feature_438,0.005253254888827996
efficientnet_b0_image_encoder,efficientnet_feature_439,0.003461745427500773
efficientnet_b0_image_encoder,efficientnet_feature_440,0.001043831183352495
efficientnet_b0_image_encoder,efficientnet_feature_441,0.0008781131816952836
efficientnet_b0_image_encoder,efficientnet_feature_442,0.0027178477105280763
efficientnet_b0_image_encoder,efficientnet_feature_443,0.0012480024862497885
efficientnet_b0_image_encoder,efficientnet_feature_444,0.0008954299423891143
efficientnet_b0_image_encoder,efficientnet_feature_445,0.00431384088861364
efficientnet_b0_image_encoder,efficientnet_feature_446,0.0014623625339709179
efficientnet_b0_image_encoder,efficientnet_feature_447,0.0005402629006363568
efficientnet_b0_image_encoder,efficientnet_feature_448,0.004115576879485161
efficientnet_b0_image_encoder,efficientnet_feature_449,0.00011575231961447052
efficientnet_b0_image_encoder,efficientnet_feature_450,0.0033004727120982125
efficientnet_b0_image_encoder,efficientnet_feature_451,0.0023738522233998083
efficientnet_b0_image_encoder,efficientnet_feature_452,0.0029883518032534084
efficientnet_b0_image_encoder,efficientnet_feature_453,0.0008924933818050818
efficientnet_b0_image_encoder,efficientnet_feature_454,0.006024354828639389
efficientnet_b0_image_encoder,efficientnet_feature_455,0.0007009157854582782
efficientnet_b0_image_encoder,efficientnet_feature_456,0.0006429942548749068
efficientnet_b0_image_encoder,efficientnet_feature_457,0.000611549134021061
efficientnet_b0_image_encoder,efficientnet_feature_458,0.0011138318587082807
efficientnet_b0_image_encoder,efficientnet_feature_459,0.003972185027350861
efficientnet_b0_image_encoder,efficientnet_feature_460,0.003704915805883502
efficientnet_b0_image_encoder,efficientnet_feature_461,0.0020546034155302095
efficientnet_b0_image_encoder,efficientnet_feature_462,0.0037413943831836605
efficientnet_b0_image_encoder,efficientnet_feature_463,0.0011053438511154923
efficientnet_b0_image_encoder,efficientnet_feature_464,0.006815338439764673
efficientnet_b0_image_encoder,efficientnet_feature_465,0.0015763003426343403
efficientnet_b0_image_encoder,efficientnet_feature_466,0.003493640237593354
efficientnet_b0_image_encoder,efficientnet_feature_467,0.0031344661254024686
efficientnet_b0_image_encoder,efficientnet_feature_468,0.0067917580255141274
efficientnet_b0_image_encoder,efficientnet_feature_469,0.003847323778586542
efficientnet_b0_image_encoder,efficientnet_feature_470,0.0005923202905293579
efficientnet_b0_image_encoder,efficientnet_feature_471,0.0014145480614615735
efficientnet_b0_image_encoder,efficientnet_feature_472,0.0017531678428497344
efficientnet_b0_image_encoder,efficientnet_feature_473,0.002115348750642454
efficientnet_b0_image_encoder,efficientnet_feature_474,0.004554234518508338
efficientnet_b0_image_encoder,efficientnet_feature_475,0.0011854521057159673
efficientnet_b0_image_encoder,efficientnet_feature_476,0.0008910836028519498
efficientnet_b0_image_encoder,efficientnet_feature_477,0.0027632173672031968
efficientnet_b0_image_encoder,efficientnet_feature_478,0.005939836977404411
efficientnet_b0_image_encoder,efficientnet_feature_479,0.0004081845652450511
efficientnet_b0_image_encoder,efficientnet_feature_480,0.0037434989973235133
efficientnet_b0_image_encoder,efficientnet_feature_481,0.0016218475966525148
efficientnet_b0_image_encoder,efficientnet_feature_482,0.0015352721674446457
efficientnet_b0_image_encoder,efficientnet_feature_483,0.0037554607151264463
efficientnet_b0_image_encoder,efficientnet_feature_484,0.004215486089037768
efficientnet_b0_image_encoder,efficientnet_feature_485,0.0017937501455946858
efficientnet_b0_image_encoder,efficientnet_feature_486,0.008622976060507881
efficientnet_b0_image_encoder,efficientnet_feature_487,0.0015974551669373227
efficientnet_b0_image_encoder,efficientnet_feature_488,0.004080042898465308
efficientnet_b0_image_encoder,efficientnet_feature_489,0.008156642573339923
efficientnet_b0_image_encoder,efficientnet_feature_490,0.0006034289962641992
efficientnet_b0_image_encoder,efficientnet_feature_491,0.0006234741317214798
efficientnet_b0_image_encoder,efficientnet_feature_492,0.003364455967698632
efficientnet_b0_image_encoder,efficientnet_feature_493,0.00536063903541617
efficientnet_b0_image_encoder,efficientnet_feature_494,0.00616367245032734
efficientnet_b0_image_encoder,efficientnet_feature_495,0.0016099828068831812
efficientnet_b0_image_encoder,efficientnet_feature_496,0.002377171310229187
efficientnet_b0_image_encoder,efficientnet_feature_497,0.00376490711914812
efficientnet_b0_image_encoder,efficientnet_feature_498,0.00445207709992701
efficientnet_b0_image_encoder,efficientnet_feature_499,0.0014205358079948383
efficientnet_b0_image_encoder,efficientnet_feature_500,0.0034902620635790527
efficientnet_b0_image_encoder,efficientnet_feature_501,0.005763074696744752
efficientnet_b0_image_encoder,efficientnet_feature_502,0.0007076043892340067
efficientnet_b0_image_encoder,efficientnet_feature_503,0.008859189817940205
efficientnet_b0_image_encoder,efficientnet_feature_504,0.005828355699236454
efficientnet_b0_image_encoder,efficientnet_feature_505,0.0033734344911238168
efficientnet_b0_image_encoder,efficientnet_feature_506,0.008860931975732456
efficientnet_b0_image_encoder,efficientnet_feature_507,0.0010031295240509053
efficientnet_b0_image_encoder,efficientnet_feature_508,0.0038749242504536596
efficientnet_b0_image_encoder,efficientnet_feature_509,0.004302372981555891
efficientnet_b0_image_encoder,efficientnet_feature_510,0.0054314743460963655
efficientnet_b0_image_encoder,efficientnet_feature_511,0.0027182186587992874
efficientnet_b0_image_encoder,efficientnet_feature_512,0.005544772990702995
efficientnet_b0_image_encoder,efficientnet_feature_513,0.007157075243753752
efficientnet_b0_image_encoder,efficientnet_feature_514,0.0022282312843273644
efficientnet_b0_image_encoder,efficientnet_feature_515,0.0008260607678209908
efficientnet_b0_image_encoder,efficientnet_feature_516,0.0013161636671839005
efficientnet_b0_image_encoder,efficientnet_feature_517,0.005447135327813157
efficientnet_b0_image_encoder,efficientnet_feature_518,0.00037981257128194557
efficientnet_b0_image_encoder,efficientnet_feature_519,0.0015573161636837085
efficientnet_b0_image_encoder,efficientnet_feature_520,0.006519751197629375
efficientnet_b0_image_encoder,efficientnet_feature_521,0.0031473993957717994
efficientnet_b0_image_encoder,efficientnet_feature_522,0.005061737621304019
efficientnet_b0_image_encoder,efficientnet_feature_523,0.002378490607519268
efficientnet_b0_image_encoder,efficientnet_feature_524,0.00440855435331855
efficientnet_b0_image_encoder,efficientnet_feature_525,0.0009334875385604846
efficientnet_b0_image_encoder,efficientnet_feature_526,0.0053485584618329085
efficientnet_b0_image_encoder,efficientnet_feature_527,0.0002420526935225098
efficientnet_b0_image_encoder,efficientnet_feature_528,0.008165729371171437
efficientnet_b0_image_encoder,efficientnet_feature_529,0.0015762879243936823
efficientnet_b0_image_encoder,efficientnet_feature_530,0.0018844663382324711
efficientnet_b0_image_encoder,efficientnet_feature_531,0.0038716391610194023
efficientnet_b0_image_encoder,efficientnet_feature_532,0.0008337592842195818
efficientnet_b0_image_encoder,efficientnet_feature_533,0.002057003025015547
efficientnet_b0_image_encoder,efficientnet_feature_534,0.0071583402810233565
efficientnet_b0_image_encoder,efficientnet_feature_535,0.0009497677210958955
efficientnet_b0_image_encoder,efficientnet_feature_536,0.0045625907062003535
efficientnet_b0_image_encoder,efficientnet_feature_537,0.002111974450656362
efficientnet_b0_image_encoder,efficientnet_feature_538,0.0007113840150694273
efficientnet_b0_image_encoder,efficientnet_feature_539,0.0007132668295746214
efficientnet_b0_image_encoder,efficientnet_feature_540,0.0005987260190778443
efficientnet_b0_image_encoder,efficientnet_feature_541,0.001019884541520355
efficientnet_b0_image_encoder,efficientnet_feature_542,0.0018239705348150892
efficientnet_b0_image_encoder,efficientnet_feature_543,0.002862979661571785
efficientnet_b0_image_encoder,efficientnet_feature_544,0.003174638658663298
efficientnet_b0_image_encoder,efficientnet_feature_545,0.006783724892557075
efficientnet_b0_image_encoder,efficientnet_feature_546,0.002118642587845443
efficientnet_b0_image_encoder,efficientnet_feature_547,0.004307882061198143
efficientnet_b0_image_encoder,efficientnet_feature_548,0.0008031922867530739
efficientnet_b0_image_encoder,efficientnet_feature_549,0.00404114734934069
efficientnet_b0_image_encoder,efficientnet_feature_550,0.0010877449807367157
efficientnet_b0_image_encoder,efficientnet_feature_551,0.0011604664585718183
efficientnet_b0_image_encoder,efficientnet_feature_552,0.004085646600543669
efficientnet_b0_image_encoder,efficientnet_feature_553,0.0031321952125153985
efficientnet_b0_image_encoder,efficientnet_feature_554,0.002894297335160445
efficientnet_b0_image_encoder,efficientnet_feature_555,0.001702189054782366
efficientnet_b0_image_encoder,efficientnet_feature_556,0.0015208538493993728
efficientnet_b0_image_encoder,efficientnet_feature_557,0.009408916733718797
efficientnet_b0_image_encoder,efficientnet_feature_558,0.01314701000308105
efficientnet_b0_image_encoder,efficientnet_feature_559,0.000798651509418491
efficientnet_b0_image_encoder,efficientnet_feature_560,0.004142236533482446
efficientnet_b0_image_encoder,efficientnet_feature_561,0.0019212653788827083
efficientnet_b0_image_encoder,efficientnet_feature_562,0.011785867342496203
efficientnet_b0_image_encoder,efficientnet_feature_563,0.004007193066911441
efficientnet_b0_image_encoder,efficientnet_feature_564,0.003142007842939165
efficientnet_b0_image_encoder,efficientnet_feature_565,0.00327448371692185
efficientnet_b0_image_encoder,efficientnet_feature_566,0.0024269039406021875
efficientnet_b0_image_encoder,efficientnet_feature_567,0.0022022167547675053
efficientnet_b0_image_encoder,efficientnet_feature_568,0.00015309749741021506
efficientnet_b0_image_encoder,efficientnet_feature_569,0.00019121459776272332
efficientnet_b0_image_encoder,efficientnet_feature_570,0.0002692925863492235
efficientnet_b0_image_encoder,efficientnet_feature_571,0.0017306588209464735
efficientnet_b0_image_encoder,efficientnet_feature_572,0.0015648432100761056
efficientnet_b0_image_encoder,efficientnet_feature_573,0.0016865825369904996
efficientnet_b0_image_encoder,efficientnet_feature_574,0.0038657256745011637
efficientnet_b0_image_encoder,efficientnet_feature_575,0.008275910640350048
efficientnet_b0_image_encoder,efficientnet_feature_576,0.0022914275875791645
efficientnet_b0_image_encoder,efficientnet_feature_577,0.0005125019593350544
efficientnet_b0_image_encoder,efficientnet_feature_578,0.0030397418365453177
efficientnet_b0_image_encoder,efficientnet_feature_579,0.0036114509822482432
efficientnet_b0_image_encoder,efficientnet_feature_580,0.0014560833618020297
efficientnet_b0_image_encoder,efficientnet_feature_581,0.0029474703858056728
efficientnet_b0_image_encoder,efficientnet_feature_582,0.003268745765751646
efficientnet_b0_image_encoder,efficientnet_feature_583,0.0029953540301193016
efficientnet_b0_image_encoder,efficientnet_feature_584,0.004449490241370313
efficientnet_b0_image_encoder,efficientnet_feature_585,0.00349560540166749
efficientnet_b0_image_encoder,efficientnet_feature_586,0.0035682632236841982
efficientnet_b0_image_encoder,efficientnet_feature_587,0.004141902881968917
efficientnet_b0_image_encoder,efficientnet_feature_588,0.0012033707493941392
efficientnet_b0_image_encoder,efficientnet_feature_589,0.0005291251505923356
efficientnet_b0_image_encoder,efficientnet_feature_590,0.002203708508289992
efficientnet_b0_image_encoder,efficientnet_feature_591,0.0019014247038739995
efficientnet_b0_image_encoder,efficientnet_feature_592,0.0019301016542669913
efficientnet_b0_image_encoder,efficientnet_feature_593,0.00036667622452668525
efficientnet_b0_image_encoder,efficientnet_feature_594,0.004025321832727968
efficientnet_b0_image_encoder,efficientnet_feature_595,0.005726909622808307
efficientnet_b0_image_encoder,efficientnet_feature_596,0.001139204209351874
efficientnet_b0_image_encoder,efficientnet_feature_597,0.0016417542587134903
efficientnet_b0_image_encoder,efficientnet_feature_598,0.002363326667612853
efficientnet_b0_image_encoder,efficientnet_feature_599,0.00415720325541713
efficientnet_b0_image_encoder,efficientnet_feature_600,0.0003537536070581382
efficientnet_b0_image_encoder,efficientnet_feature_601,0.0033586163422683057
efficientnet_b0_image_encoder,efficientnet_feature_602,0.0013728293481563014
efficientnet_b0_image_encoder,efficientnet_feature_603,0.0030519840641431983
efficientnet_b0_image_encoder,efficientnet_feature_604,0.002247018958314584
efficientnet_b0_image_encoder,efficientnet_feature_605,0.004539275382512642
efficientnet_b0_image_encoder,efficientnet_feature_606,0.0011636909471306467
efficientnet_b0_image_encoder,efficientnet_feature_607,0.007489983298910374
efficientnet_b0_image_encoder,efficientnet_feature_608,0.0016028858898664566
efficientnet_b0_image_encoder,efficientnet_feature_609,0.0012411650874923907
efficientnet_b0_image_encoder,efficientnet_feature_610,0.0002825344824186615
efficientnet_b0_image_encoder,efficientnet_feature_611,0.0026903621255769394
efficientnet_b0_image_encoder,efficientnet_feature_612,0.0007272838197422971
efficientnet_b0_image_encoder,efficientnet_feature_613,0.007278870549512817
efficientnet_b0_image_encoder,efficientnet_feature_614,0.0017153446377733417
efficientnet_b0_image_encoder,efficientnet_feature_615,0.0007801821431421274
efficientnet_b0_image_encoder,efficientnet_feature_616,0.005435578757271742
efficientnet_b0_image_encoder,efficientnet_feature_617,0.00036611405027642263
efficientnet_b0_image_encoder,efficientnet_feature_618,0.011528477885690336
efficientnet_b0_image_encoder,efficientnet_feature_619,0.0004936322878350552
efficientnet_b0_image_encoder,efficientnet_feature_620,0.0009048701244864787
efficientnet_b0_image_encoder,efficientnet_feature_621,0.002457592072062198
efficientnet_b0_image_encoder,efficientnet_feature_622,0.005893313032402148
efficientnet_b0_image_encoder,efficientnet_feature_623,0.008797636106464779
efficientnet_b0_image_encoder,efficientnet_feature_624,0.0012700061269157459
efficientnet_b0_image_encoder,efficientnet_feature_625,0.0016164834453604726
efficientnet_b0_image_encoder,efficientnet_feature_626,0.0005405705654126791
efficientnet_b0_image_encoder,efficientnet_feature_627,0.005964892247902753
efficientnet_b0_image_encoder,efficientnet_feature_628,0.00639037076783211
efficientnet_b0_image_encoder,efficientnet_feature_629,0.005475799203395582
efficientnet_b0_image_encoder,efficientnet_feature_630,0.0053312823814053445
efficientnet_b0_image_encoder,efficientnet_feature_631,0.004079882245605404
efficientnet_b0_image_encoder,efficientnet_feature_632,0.006757200895663118
efficientnet_b0_image_encoder,efficientnet_feature_633,0.0034460282305985857
efficientnet_b0_image_encoder,efficientnet_feature_634,0.0005618627150596467
efficientnet_b0_image_encoder,efficientnet_feature_635,0.0048071396365116925
efficientnet_b0_image_encoder,efficientnet_feature_636,0.0047477176364054685
efficientnet_b0_image_encoder,efficientnet_feature_637,0.001928402221324177
efficientnet_b0_image_encoder,efficientnet_feature_638,0.0012163445903325965
efficientnet_b0_image_encoder,efficientnet_feature_639,0.0008822378908206474
efficientnet_b0_image_encoder,efficientnet_feature_640,0.006730578724045699
efficientnet_b0_image_encoder,efficientnet_feature_641,0.00011422040375919096
efficientnet_b0_image_encoder,efficientnet_feature_642,0.0017288992343367227
efficientnet_b0_image_encoder,efficientnet_feature_643,0.0034424173131952784
efficientnet_b0_image_encoder,efficientnet_feature_644,0.0048842120669974065
efficientnet_b0_image_encoder,efficientnet_feature_645,0.004151643978246966
efficientnet_b0_image_encoder,efficientnet_feature_646,0.00511154562556726
efficientnet_b0_image_encoder,efficientnet_feature_647,0.007196451646905189
efficientnet_b0_image_encoder,efficientnet_feature_648,0.001013952820798636
efficientnet_b0_image_encoder,efficientnet_feature_649,0.002201982829333815
efficientnet_b0_image_encoder,efficientnet_feature_650,0.003273407054848576
efficientnet_b0_image_encoder,efficientnet_feature_651,0.000431556164286917
efficientnet_b0_image_encoder,efficientnet_feature_652,0.0036240196109247336
efficientnet_b0_image_encoder,efficientnet_feature_653,0.0009265201615704655
efficientnet_b0_image_encoder,efficientnet_feature_654,0.0012547017548882877
efficientnet_b0_image_encoder,efficientnet_feature_655,0.0015541065968918133
efficientnet_b0_image_encoder,efficientnet_feature_656,0.003815541574880399
efficientnet_b0_image_encoder,efficientnet_feature_657,0.005138679883046393
efficientnet_b0_image_encoder,efficientnet_feature_658,0.001510472370554794
efficientnet_b0_image_encoder,efficientnet_feature_659,0.0016818662366517856
efficientnet_b0_image_encoder,efficientnet_feature_660,0.00141649982997194
efficientnet_b0_image_encoder,efficientnet_feature_661,0.0028934465307202117
efficientnet_b0_image_encoder,efficientnet_feature_662,0.001628946066972503
efficientnet_b0_image_encoder,efficientnet_feature_663,0.0007562783321404254
efficientnet_b0_image_encoder,efficientnet_feature_664,0.001594914694550198
efficientnet_b0_image_encoder,efficientnet_feature_665,0.004023407562669945
efficientnet_b0_image_encoder,efficientnet_feature_666,0.0027968197571937026
efficientnet_b0_image_encoder,efficientnet_feature_667,0.002694727411267195
efficientnet_b0_image_encoder,efficientnet_feature_668,0.000790668858805077
efficientnet_b0_image_encoder,efficientnet_feature_669,0.0038851673033377665
efficientnet_b0_image_encoder,efficientnet_feature_670,0.00015719386008417047
efficientnet_b0_image_encoder,efficientnet_feature_671,0.0034695193845095673
efficientnet_b0_image_encoder,efficientnet_feature_672,0.0012977105609977002
efficientnet_b0_image_encoder,efficientnet_feature_673,0.0024496319846321057
efficientnet_b0_image_encoder,efficientnet_feature_674,0.001010232531676536
efficientnet_b0_image_encoder,efficientnet_feature_675,0.000836400742585397
efficientnet_b0_image_encoder,efficientnet_feature_676,0.0036211984847795975
efficientnet_b0_image_encoder,efficientnet_feature_677,0.006175832751978305
efficientnet_b0_image_encoder,efficientnet_feature_678,0.002809811831298248
efficientnet_b0_image_encoder,efficientnet_feature_679,0.0009673393391835816
efficientnet_b0_image_encoder,efficientnet_feature_680,0.0038939208198485176
efficientnet_b0_image_encoder,efficientnet_feature_681,0.004910651288128065
efficientnet_b0_image_encoder,efficientnet_feature_682,0.011586854381221201
efficientnet_b0_image_encoder,efficientnet_feature_683,0.004975607855215003
efficientnet_b0_image_encoder,efficientnet_feature_684,0.000625722015012542
efficientnet_b0_image_encoder,efficientnet_feature_685,0.0035269355350919795
efficientnet_b0_image_encoder,efficientnet_feature_686,0.0025920652776392217
efficientnet_b0_image_encoder,efficientnet_feature_687,0.00028193372474660805
efficientnet_b0_image_encoder,efficientnet_feature_688,0.0007527357260244116
efficientnet_b0_image_encoder,efficientnet_feature_689,0.003329008146408796
efficientnet_b0_image_encoder,efficientnet_feature_690,0.0007321924726184648
efficientnet_b0_image_encoder,efficientnet_feature_691,0.0054527403513020545
efficientnet_b0_image_encoder,efficientnet_feature_692,0.0021628945858367388
efficientnet_b0_image_encoder,efficientnet_feature_693,0.004579327400549005
efficientnet_b0_image_encoder,efficientnet_feature_694,0.001096172804153639
efficientnet_b0_image_encoder,efficientnet_feature_695,0.0029633768542680627
efficientnet_b0_image_encoder,efficientnet_feature_696,0.000208310858255345
efficientnet_b0_image_encoder,efficientnet_feature_697,0.003792347038057642
efficientnet_b0_image_encoder,efficientnet_feature_698,0.0029431352212441197
efficientnet_b0_image_encoder,efficientnet_feature_699,0.0029219151809058985
efficientnet_b0_image_encoder,efficientnet_feature_700,0.00388484268432876
efficientnet_b0_image_encoder,efficientnet_feature_701,0.004892327710564359
efficientnet_b0_image_encoder,efficientnet_feature_702,0.0002270475216334944
efficientnet_b0_image_encoder,efficientnet_feature_703,0.0016022609438195445
efficientnet_b0_image_encoder,efficientnet_feature_704,0.004831346939226933
efficientnet_b0_image_encoder,efficientnet_feature_705,0.0037398925461786803
efficientnet_b0_image_encoder,efficientnet_feature_706,0.006640681097309198
efficientnet_b0_image_encoder,efficientnet_feature_707,0.006923086410210999
efficientnet_b0_image_encoder,efficientnet_feature_708,0.003228907026652905
efficientnet_b0_image_encoder,efficientnet_feature_709,0.003171567147148835
efficientnet_b0_image_encoder,efficientnet_feature_710,0.0007846785722023242
efficientnet_b0_image_encoder,efficientnet_feature_711,0.0026157810435734064
efficientnet_b0_image_encoder,efficientnet_feature_712,0.002016371602962863
efficientnet_b0_image_encoder,efficientnet_feature_713,0.0008132360024291074
efficientnet_b0_image_encoder,efficientnet_feature_714,0.0031991647987297256
efficientnet_b0_image_encoder,efficientnet_feature_715,0.0020079951475509006
efficientnet_b0_image_encoder,efficientnet_feature_716,0.0001313080552225454
efficientnet_b0_image_encoder,efficientnet_feature_717,0.0019924607219934387
efficientnet_b0_image_encoder,efficientnet_feature_718,0.005934470425358995
efficientnet_b0_image_encoder,efficientnet_feature_719,0.0005587146414640642
efficientnet_b0_image_encoder,efficientnet_feature_720,0.0015271167360992877
efficientnet_b0_image_encoder,efficientnet_feature_721,0.003860439420009243
efficientnet_b0_image_encoder,efficientnet_feature_722,0.0002428669201073319
efficientnet_b0_image_encoder,efficientnet_feature_723,0.007007378178514045
efficientnet_b0_image_encoder,efficientnet_feature_724,0.006365876876088805
efficientnet_b0_image_encoder,efficientnet_feature_725,0.004361916045752423
efficientnet_b0_image_encoder,efficientnet_feature_726,0.003976890488047502
efficientnet_b0_image_encoder,efficientnet_feature_727,0.0002136345698460218
efficientnet_b0_image_encoder,efficientnet_feature_728,0.004743080237517461
efficientnet_b0_image_encoder,efficientnet_feature_729,0.004122464514239255
efficientnet_b0_image_encoder,efficientnet_feature_730,0.007470028500733861
efficientnet_b0_image_encoder,efficientnet_feature_731,0.004318311511383399
efficientnet_b0_image_encoder,efficientnet_feature_732,0.0013056152469630433
efficientnet_b0_image_encoder,efficientnet_feature_733,0.005806860003190195
efficientnet_b0_image_encoder,efficientnet_feature_734,0.008257216628066999
efficientnet_b0_image_encoder,efficientnet_feature_735,0.0013937856664654191
efficientnet_b0_image_encoder,efficientnet_feature_736,0.0037156019907911286
efficientnet_b0_image_encoder,efficientnet_feature_737,0.003190838232086435
efficientnet_b0_image_encoder,efficientnet_feature_738,0.00017645451820147429
efficientnet_b0_image_encoder,efficientnet_feature_739,0.0037755948283120233
efficientnet_b0_image_encoder,efficientnet_feature_740,0.0018112770241032194
efficientnet_b0_image_encoder,efficientnet_feature_741,0.004755238387431859
efficientnet_b0_image_encoder,efficientnet_feature_742,0.004841615156237822
efficientnet_b0_image_encoder,efficientnet_feature_743,0.004168209257045419
efficientnet_b0_image_encoder,efficientnet_feature_744,0.0037405423856853304
efficientnet_b0_image_encoder,efficientnet_feature_745,0.006673605982427944
efficientnet_b0_image_encoder,efficientnet_feature_746,0.00014542157308961023
efficientnet_b0_image_encoder,efficientnet_feature_747,0.0059762667949598836
efficientnet_b0_image_encoder,efficientnet_feature_748,0.003617450813678147
efficientnet_b0_image_encoder,efficientnet_feature_749,0.0036583018328428807
efficientnet_b0_image_encoder,efficientnet_feature_750,0.004501439576415578
efficientnet_b0_image_encoder,efficientnet_feature_751,0.005988824674545867
efficientnet_b0_image_encoder,efficientnet_feature_752,0.005599841962521168
efficientnet_b0_image_encoder,efficientnet_feature_753,0.0002748286089939711
efficientnet_b0_image_encoder,efficientnet_feature_754,0.0009274399001597544
efficientnet_b0_image_encoder,efficientnet_feature_755,0.0012747806125332772
efficientnet_b0_image_encoder,efficientnet_feature_756,0.004239258069446805
efficientnet_b0_image_encoder,efficientnet_feature_757,0.0014775865307825597
efficientnet_b0_image_encoder,efficientnet_feature_758,0.0008199285402099576
efficientnet_b0_image_encoder,efficientnet_feature_759,0.0011424437324762948
efficientnet_b0_image_encoder,efficientnet_feature_760,0.0003085704745942053
efficientnet_b0_image_encoder,efficientnet_feature_761,0.0025720137317080116
efficientnet_b0_image_encoder,efficientnet_feature_762,0.0036416515989969866
efficientnet_b0_image_encoder,efficientnet_feature_763,0.0023729763047128927
efficientnet_b0_image_encoder,efficientnet_feature_764,0.0031214399684813543
efficientnet_b0_image_encoder,efficientnet_feature_765,0.0027946693595026773
efficientnet_b0_image_encoder,efficientnet_feature_766,0.010179994831105432
efficientnet_b0_image_encoder,efficientnet_feature_767,0.0038211522212350246
efficientnet_b0_image_encoder,efficientnet_feature_768,9.884410394889187e-05
efficientnet_b0_image_encoder,efficientnet_feature_769,0.0014433921286922669
efficientnet_b0_image_encoder,efficientnet_feature_770,0.006447148550705606
efficientnet_b0_image_encoder,efficientnet_feature_771,0.003902451590306555
efficientnet_b0_image_encoder,efficientnet_feature_772,0.001748958809571377
efficientnet_b0_image_encoder,efficientnet_feature_773,0.0010957468163130812
efficientnet_b0_image_encoder,efficientnet_feature_774,0.0025325605515433836
efficientnet_b0_image_encoder,efficientnet_feature_775,0.002825046131874842
efficientnet_b0_image_encoder,efficientnet_feature_776,0.002094595560919288
efficientnet_b0_image_encoder,efficientnet_feature_777,0.0004960362596051482
efficientnet_b0_image_encoder,efficientnet_feature_778,0.004740697542047201
efficientnet_b0_image_encoder,efficientnet_feature_779,0.0012445659514241925
efficientnet_b0_image_encoder,efficientnet_feature_780,0.001161481694381905
efficientnet_b0_image_encoder,efficientnet_feature_781,0.006117563661064196
efficientnet_b0_image_encoder,efficientnet_feature_782,0.003952533633082567
efficientnet_b0_image_encoder,efficientnet_feature_783,0.002603294114237542
efficientnet_b0_image_encoder,efficientnet_feature_784,0.005886095341736564
efficientnet_b0_image_encoder,efficientnet_feature_785,0.004399228626539298
efficientnet_b0_image_encoder,efficientnet_feature_786,0.0046243111231660805
efficientnet_b0_image_encoder,efficientnet_feature_787,0.004043010400209823
efficientnet_b0_image_encoder,efficientnet_feature_788,0.003247721647454682
efficientnet_b0_image_encoder,efficientnet_feature_789,0.001601783259872036
efficientnet_b0_image_encoder,efficientnet_feature_790,0.005496566508682577
efficientnet_b0_image_encoder,efficientnet_feature_791,0.0014015080422637993
efficientnet_b0_image_encoder,efficientnet_feature_792,0.0021247121890723975
efficientnet_b0_image_encoder,efficientnet_feature_793,0.0012531677967331234
efficientnet_b0_image_encoder,efficientnet_feature_794,0.0038133602059247096
efficientnet_b0_image_encoder,efficientnet_feature_795,0.003268979660902005
efficientnet_b0_image_encoder,efficientnet_feature_796,0.008997873210489615
efficientnet_b0_image_encoder,efficientnet_feature_797,0.002379750641580358
efficientnet_b0_image_encoder,efficientnet_feature_798,0.0005940214899524676
efficientnet_b0_image_encoder,efficientnet_feature_799,0.0002800596521019827
efficientnet_b0_image_encoder,efficientnet_feature_800,0.0009357181219655786
efficientnet_b0_image_encoder,efficientnet_feature_801,0.0009107424817500487
efficientnet_b0_image_encoder,efficientnet_feature_802,0.0071250070971586865
efficientnet_b0_image_encoder,efficientnet_feature_803,0.003374594433751099
efficientnet_b0_image_encoder,efficientnet_feature_804,0.0018930991354295656
efficientnet_b0_image_encoder,efficientnet_feature_805,0.0035139212829449207
efficientnet_b0_image_encoder,efficientnet_feature_806,0.002140983267736374
efficientnet_b0_image_encoder,efficientnet_feature_807,0.003624322077683928
efficientnet_b0_image_encoder,efficientnet_feature_808,0.008126089796178348
efficientnet_b0_image_encoder,efficientnet_feature_809,0.004428857924551721
efficientnet_b0_image_encoder,efficientnet_feature_810,0.0017421897298959266
efficientnet_b0_image_encoder,efficientnet_feature_811,0.009870041944282093
efficientnet_b0_image_encoder,efficientnet_feature_812,0.003794066195467849
efficientnet_b0_image_encoder,efficientnet_feature_813,0.0031910341666048225
efficientnet_b0_image_encoder,efficientnet_feature_814,0.005247223015203417
efficientnet_b0_image_encoder,efficientnet_feature_815,0.0032901827258342564
efficientnet_b0_image_encoder,efficientnet_feature_816,0.004841191345974494
efficientnet_b0_image_encoder,efficientnet_feature_817,0.003945949220678813
efficientnet_b0_image_encoder,efficientnet_feature_818,0.0003161633666834973
efficientnet_b0_image_encoder,efficientnet_feature_819,0.0009592148508374976
efficientnet_b0_image_encoder,efficientnet_feature_820,0.003218886146527211
efficientnet_b0_image_encoder,efficientnet_feature_821,0.0010703659830255674
efficientnet_b0_image_encoder,efficientnet_feature_822,0.0031807428938748217
efficientnet_b0_image_encoder,efficientnet_feature_823,0.002521005617893479
efficientnet_b0_image_encoder,efficientnet_feature_824,0.0069729128612152635
efficientnet_b0_image_encoder,efficientnet_feature_825,0.0013042814715902296
efficientnet_b0_image_encoder,efficientnet_feature_826,0.0016864309917394849
efficientnet_b0_image_encoder,efficientnet_feature_827,9.743046352950202e-05
efficientnet_b0_image_encoder,efficientnet_feature_828,0.004256998038044912
efficientnet_b0_image_encoder,efficientnet_feature_829,0.003775229611449049
efficientnet_b0_image_encoder,efficientnet_feature_830,0.0009309042812049029
efficientnet_b0_image_encoder,efficientnet_feature_831,0.006225357821904254
efficientnet_b0_image_encoder,efficientnet_feature_832,0.006395368629341647
efficientnet_b0_image_encoder,efficientnet_feature_833,0.006591231787865581
efficientnet_b0_image_encoder,efficientnet_feature_834,0.0016153464676449403
efficientnet_b0_image_encoder,efficientnet_feature_835,0.009287135699764804
efficientnet_b0_image_encoder,efficientnet_feature_836,0.0005904590951502087
efficientnet_b0_image_encoder,efficientnet_feature_837,0.0012045451668427631
efficientnet_b0_image_encoder,efficientnet_feature_838,0.0015049810095604244
efficientnet_b0_image_encoder,efficientnet_feature_839,0.0020635215510651506
efficientnet_b0_image_encoder,efficientnet_feature_840,0.001440245003642815
efficientnet_b0_image_encoder,efficientnet_feature_841,0.0025762901132537763
efficientnet_b0_image_encoder,efficientnet_feature_842,0.0007438903650154316
efficientnet_b0_image_encoder,efficientnet_feature_843,0.0005757582754384316
efficientnet_b0_image_encoder,efficientnet_feature_844,0.00970955078165403
efficientnet_b0_image_encoder,efficientnet_feature_845,0.007321817884530901
efficientnet_b0_image_encoder,efficientnet_feature_846,0.004521181872291891
efficientnet_b0_image_encoder,efficientnet_feature_847,0.0027434048710119896
efficientnet_b0_image_encoder,efficientnet_feature_848,0.005443592850156165
efficientnet_b0_image_encoder,efficientnet_feature_849,0.0067122100210781355
efficientnet_b0_image_encoder,efficientnet_feature_850,0.0027199654741139057
efficientnet_b0_image_encoder,efficientnet_feature_851,0.005549552149943793
efficientnet_b0_image_encoder,efficientnet_feature_852,0.0004887300326803512
efficientnet_b0_image_encoder,efficientnet_feature_853,0.004242346918658768
efficientnet_b0_image_encoder,efficientnet_feature_854,0.004960677323538221
efficientnet_b0_image_encoder,efficientnet_feature_855,0.0003971204787314164
efficientnet_b0_image_encoder,efficientnet_feature_856,0.003299831879530757
efficientnet_b0_image_encoder,efficientnet_feature_857,0.0017847265218691177
efficientnet_b0_image_encoder,efficientnet_feature_858,0.0030132012610408765
efficientnet_b0_image_encoder,efficientnet_feature_859,0.0003622909278799824
efficientnet_b0_image_encoder,efficientnet_feature_860,0.004389857086266602
efficientnet_b0_image_encoder,efficientnet_feature_861,0.00454546626738761
efficientnet_b0_image_encoder,efficientnet_feature_862,0.001542760242074337
efficientnet_b0_image_encoder,efficientnet_feature_863,0.002538732860472237
efficientnet_b0_image_encoder,efficientnet_feature_864,0.0034268156533698857
efficientnet_b0_image_encoder,efficientnet_feature_865,0.009063578635277736
efficientnet_b0_image_encoder,efficientnet_feature_866,0.0007636382655391571
efficientnet_b0_image_encoder,efficientnet_feature_867,0.0018624740346808721
efficientnet_b0_image_encoder,efficientnet_feature_868,0.005537295632507266
efficientnet_b0_image_encoder,efficientnet_feature_869,0.0034563547026777997
efficientnet_b0_image_encoder,efficientnet_feature_870,0.002111433703248622
efficientnet_b0_image_encoder,efficientnet_feature_871,0.009825859368220335
efficientnet_b0_image_encoder,efficientnet_feature_872,0.0014736124270058326
efficientnet_b0_image_encoder,efficientnet_feature_873,0.006308716387138702
efficientnet_b0_image_encoder,efficientnet_feature_874,0.00521784706654671
efficientnet_b0_image_encoder,efficientnet_feature_875,0.0009193523510475643
efficientnet_b0_image_encoder,efficientnet_feature_876,0.004644720079511444
efficientnet_b0_image_encoder,efficientnet_feature_877,0.007871888382709358
efficientnet_b0_image_encoder,efficientnet_feature_878,0.013375610168964158
efficientnet_b0_image_encoder,efficientnet_feature_879,0.0009639764657691785
efficientnet_b0_image_encoder,efficientnet_feature_880,0.0014062305831430422
efficientnet_b0_image_encoder,efficientnet_feature_881,0.004761187418012014
efficientnet_b0_image_encoder,efficientnet_feature_882,0.001964465977110308
efficientnet_b0_image_encoder,efficientnet_feature_883,0.0035949474446965723
efficientnet_b0_image_encoder,efficientnet_feature_884,0.0034850225761147158
efficientnet_b0_image_encoder,efficientnet_feature_885,0.0013782310990393398
efficientnet_b0_image_encoder,efficientnet_feature_886,0.0005908339708327048
efficientnet_b0_image_encoder,efficientnet_feature_887,0.0007099135560793002
efficientnet_b0_image_encoder,efficientnet_feature_888,0.003702041809816592
efficientnet_b0_image_encoder,efficientnet_feature_889,0.001161923463506298
efficientnet_b0_image_encoder,efficientnet_feature_890,0.0007763227337491685
efficientnet_b0_image_encoder,efficientnet_feature_891,0.003806263063665938
efficientnet_b0_image_encoder,efficientnet_feature_892,0.001007942773242121
efficientnet_b0_image_encoder,efficientnet_feature_893,0.0012252463865394247
efficientnet_b0_image_encoder,efficientnet_feature_894,0.0010845809742505708
efficientnet_b0_image_encoder,efficientnet_feature_895,0.0036364977369487406
efficientnet_b0_image_encoder,efficientnet_feature_896,0.0021766158996285867
efficientnet_b0_image_encoder,efficientnet_feature_897,0.002833121268281502
efficientnet_b0_image_encoder,efficientnet_feature_898,0.0058583502036526625
efficientnet_b0_image_encoder,efficientnet_feature_899,0.0005870723559979751
efficientnet_b0_image_encoder,efficientnet_feature_900,0.0013165138233262041
efficientnet_b0_image_encoder,efficientnet_feature_901,0.002957437891978998
efficientnet_b0_image_encoder,efficientnet_feature_902,0.00038637014895215316
efficientnet_b0_image_encoder,efficientnet_feature_903,0.0009545623550852866
efficientnet_b0_image_encoder,efficientnet_feature_904,0.0031109906652773134
efficientnet_b0_image_encoder,efficientnet_feature_905,0.00435741653700461
efficientnet_b0_image_encoder,efficientnet_feature_906,0.0020982033979350945
efficientnet_b0_image_encoder,efficientnet_feature_907,0.011343399664156095
efficientnet_b0_image_encoder,efficientnet_feature_908,0.001819522636182569
efficientnet_b0_image_encoder,efficientnet_feature_909,0.007163937500536122
efficientnet_b0_image_encoder,efficientnet_feature_910,0.00138026186994189
efficientnet_b0_image_encoder,efficientnet_feature_911,0.00030054767816434236
efficientnet_b0_image_encoder,efficientnet_feature_912,0.005930390826506482
efficientnet_b0_image_encoder,efficientnet_feature_913,0.0006824620871554998
efficientnet_b0_image_encoder,efficientnet_feature_914,0.0029773196777682642
efficientnet_b0_image_encoder,efficientnet_feature_915,0.00286011317524526
efficientnet_b0_image_encoder,efficientnet_feature_916,0.0035993572847843325
efficientnet_b0_image_encoder,efficientnet_feature_917,0.007303240113742504
efficientnet_b0_image_encoder,efficientnet_feature_918,0.0024677238588992623
efficientnet_b0_image_encoder,efficientnet_feature_919,0.003324076150875044
efficientnet_b0_image_encoder,efficientnet_feature_920,0.0007000007579094358
efficientnet_b0_image_encoder,efficientnet_feature_921,0.004341936932021895
efficientnet_b0_image_encoder,efficientnet_feature_922,0.001511284574874594
efficientnet_b0_image_encoder,efficientnet_feature_923,0.0007858467830104132
efficientnet_b0_image_encoder,efficientnet_feature_924,0.0021128742567384506
efficientnet_b0_image_encoder,efficientnet_feature_925,0.00488710336458098
efficientnet_b0_image_encoder,efficientnet_feature_926,0.004632730965369092
efficientnet_b0_image_encoder,efficientnet_feature_927,0.0025515533741042873
efficientnet_b0_image_encoder,efficientnet_feature_928,0.0007295720839834985
efficientnet_b0_image_encoder,efficientnet_feature_929,0.0015560510661885019
efficientnet_b0_image_encoder,efficientnet_feature_930,0.0015170819859910978
efficientnet_b0_image_encoder,efficientnet_feature_931,0.0032106221862591156
efficientnet_b0_image_encoder,efficientnet_feature_932,0.009794058761372071
efficientnet_b0_image_encoder,efficientnet_feature_933,0.00017379215999646647
efficientnet_b0_image_encoder,efficientnet_feature_934,0.002465931724664472
efficientnet_b0_image_encoder,efficientnet_feature_935,0.004574347654511257
efficientnet_b0_image_encoder,efficientnet_feature_936,0.004427874848545343
efficientnet_b0_image_encoder,efficientnet_feature_937,0.0026964075981652513
efficientnet_b0_image_encoder,efficientnet_feature_938,0.0016117078614001912
efficientnet_b0_image_encoder,efficientnet_feature_939,0.003993003424739072
efficientnet_b0_image_encoder,efficientnet_feature_940,0.005613617192238962
efficientnet_b0_image_encoder,efficientnet_feature_941,0.0024748155181555376
efficientnet_b0_image_encoder,efficientnet_feature_942,0.00577838785466156
efficientnet_b0_image_encoder,efficientnet_feature_943,0.00046910665739119395
efficientnet_b0_image_encoder,efficientnet_feature_944,0.002130882265305445
efficientnet_b0_image_encoder,efficientnet_feature_945,0.010396066647786029
efficientnet_b0_image_encoder,efficientnet_feature_946,0.00232363067054564
efficientnet_b0_image_encoder,efficientnet_feature_947,0.0018071287003067482
efficientnet_b0_image_encoder,efficientnet_feature_948,0.008102371553491139
efficientnet_b0_image_encoder,efficientnet_feature_949,0.002142807912406397
efficientnet_b0_image_encoder,efficientnet_feature_950,0.001529493590432196
efficientnet_b0_image_encoder,efficientnet_feature_951,0.006716447075632459
efficientnet_b0_image_encoder,efficientnet_feature_952,0.006397690544503121
efficientnet_b0_image_encoder,efficientnet_feature_953,0.0018855634684200595
efficientnet_b0_image_encoder,efficientnet_feature_954,0.00221305226102686
efficientnet_b0_image_encoder,efficientnet_feature_955,0.00027432193148513306
efficientnet_b0_image_encoder,efficientnet_feature_956,0.004355607980187415
efficientnet_b0_image_encoder,efficientnet_feature_957,0.004391299557482853
efficientnet_b0_image_encoder,efficientnet_feature_958,0.00023944853161594892
efficientnet_b0_image_encoder,efficientnet_feature_959,0.010120387317556379
efficientnet_b0_image_encoder,efficientnet_feature_960,0.004938545792356308
efficientnet_b0_image_encoder,efficientnet_feature_961,0.0030093696839799122
efficientnet_b0_image_encoder,efficientnet_feature_962,0.004469947050097289
efficientnet_b0_image_encoder,efficientnet_feature_963,0.006760285994914739
efficientnet_b0_image_encoder,efficientnet_feature_964,0.003454425950167206
efficientnet_b0_image_encoder,efficientnet_feature_965,0.0008149071459655488
efficientnet_b0_image_encoder,efficientnet_feature_966,0.004944477588992413
efficientnet_b0_image_encoder,efficientnet_feature_967,0.000861961850858961
efficientnet_b0_image_encoder,efficientnet_feature_968,0.0011347917522641637
efficientnet_b0_image_encoder,efficientnet_feature_969,0.005196836944492134
efficientnet_b0_image_encoder,efficientnet_feature_970,0.0007386944600824563
efficientnet_b0_image_encoder,efficientnet_feature_971,0.0010838510625319486
efficientnet_b0_image_encoder,efficientnet_feature_972,0.0021274967562590064
efficientnet_b0_image_encoder,efficientnet_feature_973,0.006037571458364255
efficientnet_b0_image_encoder,efficientnet_feature_974,0.004987891406472045
efficientnet_b0_image_encoder,efficientnet_feature_975,0.0025852180555716586
efficientnet_b0_image_encoder,efficientnet_feature_976,0.004299361731739282
efficientnet_b0_image_encoder,efficientnet_feature_977,0.0052042565032479615
efficientnet_b0_image_encoder,efficientnet_feature_978,0.007205275554838408
efficientnet_b0_image_encoder,efficientnet_feature_979,0.006109201788035534
efficientnet_b0_image_encoder,efficientnet_feature_980,0.0007835510162124137
efficientnet_b0_image_encoder,efficientnet_feature_981,0.0008223463394756436
efficientnet_b0_image_encoder,efficientnet_feature_982,0.006702396907371622
efficientnet_b0_image_encoder,efficientnet_feature_983,0.0018361250269975926
efficientnet_b0_image_encoder,efficientnet_feature_984,0.000971235281610916
efficientnet_b0_image_encoder,efficientnet_feature_985,0.001382501288929916
efficientnet_b0_image_encoder,efficientnet_feature_986,0.0027544317393335405
efficientnet_b0_image_encoder,efficientnet_feature_987,0.003038329695783659
efficientnet_b0_image_encoder,efficientnet_feature_988,0.0009654936114458224
efficientnet_b0_image_encoder,efficientnet_feature_989,0.002849280410487154
efficientnet_b0_image_encoder,efficientnet_feature_990,0.0011638268686340325
efficientnet_b0_image_encoder,efficientnet_feature_991,0.0004721772030222837
efficientnet_b0_image_encoder,efficientnet_feature_992,0.0010707292991440909
efficientnet_b0_image_encoder,efficientnet_feature_993,0.0005383959430353968
efficientnet_b0_image_encoder,efficientnet_feature_994,0.0020741066627323335
efficientnet_b0_image_encoder,efficientnet_feature_995,0.00023469612353110847
efficientnet_b0_image_encoder,efficientnet_feature_996,0.0017612680926504254
efficientnet_b0_image_encoder,efficientnet_feature_997,0.0017645604062153097
efficientnet_b0_image_encoder,efficientnet_feature_998,0.005840292279401638
efficientnet_b0_image_encoder,efficientnet_feature_999,0.005912231400145629
efficientnet_b0_image_encoder,efficientnet_feature_1000,0.004367800119659648
efficientnet_b0_image_encoder,efficientnet_feature_1001,0.00450241796750106
efficientnet_b0_image_encoder,efficientnet_feature_1002,0.002309307300947694
efficientnet_b0_image_encoder,efficientnet_feature_1003,0.006216332006374614
efficientnet_b0_image_encoder,efficientnet_feature_1004,0.008811477687004299
efficientnet_b0_image_encoder,efficientnet_feature_1005,0.006202146564078248
efficientnet_b0_image_encoder,efficientnet_feature_1006,0.003938586385061171
efficientnet_b0_image_encoder,efficientnet_feature_1007,0.0032012954611673194
efficientnet_b0_image_encoder,efficientnet_feature_1008,0.0013427122445932582
efficientnet_b0_image_encoder,efficientnet_feature_1009,0.003688082303426654
efficientnet_b0_image_encoder,efficientnet_feature_1010,0.007798516211096285
efficientnet_b0_image_encoder,efficientnet_feature_1011,0.00569889129690182
efficientnet_b0_image_encoder,efficientnet_feature_1012,0.005557260050750301
efficientnet_b0_image_encoder,efficientnet_feature_1013,0.0009927716901927397
efficientnet_b0_image_encoder,efficientnet_feature_1014,0.0017283927497118157
efficientnet_b0_image_encoder,efficientnet_feature_1015,0.0008426957752476483
efficientnet_b0_image_encoder,efficientnet_feature_1016,0.004865332804229183
efficientnet_b0_image_encoder,efficientnet_feature_1017,0.0012153118454989453
efficientnet_b0_image_encoder,efficientnet_feature_1018,0.001566418157828764
efficientnet_b0_image_encoder,efficientnet_feature_1019,0.004789550692237299
efficientnet_b0_image_encoder,efficientnet_feature_1020,0.00792852287554524
efficientnet_b0_image_encoder,efficientnet_feature_1021,0.006495707177180066
efficientnet_b0_image_encoder,efficientnet_feature_1022,0.002487621763577863
efficientnet_b0_image_encoder,efficientnet_feature_1023,0.006610368620158624
efficientnet_b0_image_encoder,efficientnet_feature_1024,0.002865752680463629
efficientnet_b0_image_encoder,efficientnet_feature_1025,0.0006957930973428006
efficientnet_b0_image_encoder,efficientnet_feature_1026,0.0006315639040295196
efficientnet_b0_image_encoder,efficientnet_feature_1027,0.006101717429260134
efficientnet_b0_image_encoder,efficientnet_feature_1028,0.0007230874739150295
efficientnet_b0_image_encoder,efficientnet_feature_1029,0.004835199310718963
efficientnet_b0_image_encoder,efficientnet_feature_1030,0.0022087693218963977
efficientnet_b0_image_encoder,efficientnet_feature_1031,0.000735219687472366
efficientnet_b0_image_encoder,efficientnet_feature_1032,0.0010285595044479123
efficientnet_b0_image_encoder,efficientnet_feature_1033,0.0034061620348211363
efficientnet_b0_image_encoder,efficientnet_feature_1034,0.0015764397956843368
efficientnet_b0_image_encoder,efficientnet_feature_1035,0.003343445872474149
efficientnet_b0_image_encoder,efficientnet_feature_1036,0.002981317929084071
efficientnet_b0_image_encoder,efficientnet_feature_1037,0.0022638466455759954
efficientnet_b0_image_encoder,efficientnet_feature_1038,0.005148478968465042
efficientnet_b0_image_encoder,efficientnet_feature_1039,0.005400379870877714
efficientnet_b0_image_encoder,efficientnet_feature_1040,0.0006963633689309745
efficientnet_b0_image_encoder,efficientnet_feature_1041,0.00498730513618284
efficientnet_b0_image_encoder,efficientnet_feature_1042,0.007207930025742826
efficientnet_b0_image_encoder,efficientnet_feature_1043,0.0008647119515199364
efficientnet_b0_image_encoder,efficientnet_feature_1044,0.008115020215541335
efficientnet_b0_image_encoder,efficientnet_feature_1045,0.00044721516058743305
efficientnet_b0_image_encoder,efficientnet_feature_1046,0.006147165208801653
efficientnet_b0_image_encoder,efficientnet_feature_1047,0.0008417002300546983
efficientnet_b0_image_encoder,efficientnet_feature_1048,0.00683670004053738
efficientnet_b0_image_encoder,efficientnet_feature_1049,0.0013821277193528658
efficientnet_b0_image_encoder,efficientnet_feature_1050,0.0017054414547601482
efficientnet_b0_image_encoder,efficientnet_feature_1051,0.004607071456575795
efficientnet_b0_image_encoder,efficientnet_feature_1052,0.004728203366255457
efficientnet_b0_image_encoder,efficientnet_feature_1053,0.005164494860139257
efficientnet_b0_image_encoder,efficientnet_feature_1054,0.003411367509329466
efficientnet_b0_image_encoder,efficientnet_feature_1055,0.00014331488015129068
efficientnet_b0_image_encoder,efficientnet_feature_1056,0.0015603682314804246
efficientnet_b0_image_encoder,efficientnet_feature_1057,0.0003224614380918922
efficientnet_b0_image_encoder,efficientnet_feature_1058,0.0029163281096771243
efficientnet_b0_image_encoder,efficientnet_feature_1059,0.0063664428560059605
efficientnet_b0_image_encoder,efficientnet_feature_1060,0.0004763143899175759
efficientnet_b0_image_encoder,efficientnet_feature_1061,0.002647216809236852
efficientnet_b0_image_encoder,efficientnet_feature_1062,0.006948004768673854
efficientnet_b0_image_encoder,efficientnet_feature_1063,0.0011097419388974572
efficientnet_b0_image_encoder,efficientnet_feature_1064,0.0019351350964882386
efficientnet_b0_image_encoder,efficientnet_feature_1065,0.011157636428720252
efficientnet_b0_image_encoder,efficientnet_feature_1066,0.0012481966128490285
efficientnet_b0_image_encoder,efficientnet_feature_1067,0.008174218368935726
efficientnet_b0_image_encoder,efficientnet_feature_1068,0.0012936888694525805
efficientnet_b0_image_encoder,efficientnet_feature_1069,0.0024655332980501043
efficientnet_b0_image_encoder,efficientnet_feature_1070,0.0017811801535003724
efficientnet_b0_image_encoder,efficientnet_feature_1071,0.003787148285709918
efficientnet_b0_image_encoder,efficientnet_feature_1072,0.0016056855393458136
efficientnet_b0_image_encoder,efficientnet_feature_1073,0.003898317618109104
efficientnet_b0_image_encoder,efficientnet_feature_1074,0.004305299049633504
efficientnet_b0_image_encoder,efficientnet_feature_1075,0.000881791179402569
efficientnet_b0_image_encoder,efficientnet_feature_1076,0.007394331310024427
efficientnet_b0_image_encoder,efficientnet_feature_1077,0.0023145275193314774
efficientnet_b0_image_encoder,efficientnet_feature_1078,0.00032297832746408517
efficientnet_b0_image_encoder,efficientnet_feature_1079,0.001457792131560609
efficientnet_b0_image_encoder,efficientnet_feature_1080,0.003245881287476493
efficientnet_b0_image_encoder,efficientnet_feature_1081,0.003408400446403448
efficientnet_b0_image_encoder,efficientnet_feature_1082,0.0013200361610259392
efficientnet_b0_image_encoder,efficientnet_feature_1083,0.006239537106296211
efficientnet_b0_image_encoder,efficientnet_feature_1084,0.001621591289620028
efficientnet_b0_image_encoder,efficientnet_feature_1085,0.003257524187091576
efficientnet_b0_image_encoder,efficientnet_feature_1086,0.0023566489630297838
efficientnet_b0_image_encoder,efficientnet_feature_1087,0.0008972536266327324
efficientnet_b0_image_encoder,efficientnet_feature_1088,0.005395344082700149
efficientnet_b0_image_encoder,efficientnet_feature_1089,0.004517021028050294
efficientnet_b0_image_encoder,efficientnet_feature_1090,0.002611036345001594
efficientnet_b0_image_encoder,efficientnet_feature_1091,0.0009948540545536844
efficientnet_b0_image_encoder,efficientnet_feature_1092,0.001411829418771049
efficientnet_b0_image_encoder,efficientnet_feature_1093,0.0034645640593566895
efficientnet_b0_image_encoder,efficientnet_feature_1094,0.0003360962141307766
efficientnet_b0_image_encoder,efficientnet_feature_1095,0.004718986166153627
efficientnet_b0_image_encoder,efficientnet_feature_1096,0.007070900104508837
efficientnet_b0_image_encoder,efficientnet_feature_1097,0.00046634341082096853
efficientnet_b0_image_encoder,efficientnet_feature_1098,0.0021070175215527343
efficientnet_b0_image_encoder,efficientnet_feature_1099,0.004264420648837586
efficientnet_b0_image_encoder,efficientnet_feature_1100,0.0025462972399736827
efficientnet_b0_image_encoder,efficientnet_feature_1101,0.00038199663188009936
efficientnet_b0_image_encoder,efficientnet_feature_1102,0.0027404545044191764
efficientnet_b0_image_encoder,efficientnet_feature_1103,0.004136212597586564
efficientnet_b0_image_encoder,efficientnet_feature_1104,0.0010219111503602107
efficientnet_b0_image_encoder,efficientnet_feature_1105,0.00603328033383832
efficientnet_b0_image_encoder,efficientnet_feature_1106,0.004997263062136881
efficientnet_b0_image_encoder,efficientnet_feature_1107,0.00012456278058081693
efficientnet_b0_image_encoder,efficientnet_feature_1108,0.0010781349540138763
efficientnet_b0_image_encoder,efficientnet_feature_1109,0.006827944480448878
efficientnet_b0_image_encoder,efficientnet_feature_1110,0.0001647261726951399
efficientnet_b0_image_encoder,efficientnet_feature_1111,0.0005400330386642338
efficientnet_b0_image_encoder,efficientnet_feature_1112,0.0027380753193710916
efficientnet_b0_image_encoder,efficientnet_feature_1113,0.0006816068368920014
efficientnet_b0_image_encoder,efficientnet_feature_1114,0.007943988992337836
efficientnet_b0_image_encoder,efficientnet_feature_1115,0.0007408655920926321
efficientnet_b0_image_encoder,efficientnet_feature_1116,0.0007616160711876319
efficientnet_b0_image_encoder,efficientnet_feature_1117,0.016523989788765903
efficientnet_b0_image_encoder,efficientnet_feature_1118,0.0014635852105726599
efficientnet_b0_image_encoder,efficientnet_feature_1119,0.009504462852191864
efficientnet_b0_image_encoder,efficientnet_feature_1120,0.0024761734367757526
efficientnet_b0_image_encoder,efficientnet_feature_1121,0.004368547215989338
efficientnet_b0_image_encoder,efficientnet_feature_1122,0.0039159558594690225
efficientnet_b0_image_encoder,efficientnet_feature_1123,0.011806222124050691
efficientnet_b0_image_encoder,efficientnet_feature_1124,0.004766812813556953
efficientnet_b0_image_encoder,efficientnet_feature_1125,0.0005276282789239417
efficientnet_b0_image_encoder,efficientnet_feature_1126,0.0017684407509364064
efficientnet_b0_image_encoder,efficientnet_feature_1127,0.0014059240288730734
efficientnet_b0_image_encoder,efficientnet_feature_1128,0.007225979469126287
efficientnet_b0_image_encoder,efficientnet_feature_1129,0.0016992922902261398
efficientnet_b0_image_encoder,efficientnet_feature_1130,0.0015606562862160445
efficientnet_b0_image_encoder,efficientnet_feature_1131,0.005301360557496082
efficientnet_b0_image_encoder,efficientnet_feature_1132,0.0015647416857689223
efficientnet_b0_image_encoder,efficientnet_feature_1133,0.002067499706825515
efficientnet_b0_image_encoder,efficientnet_feature_1134,0.0032054546692847907
efficientnet_b0_image_encoder,efficientnet_feature_1135,0.0026567484363226868
efficientnet_b0_image_encoder,efficientnet_feature_1136,0.004086146316154782
efficientnet_b0_image_encoder,efficientnet_feature_1137,0.0019477737328656985
efficientnet_b0_image_encoder,efficientnet_feature_1138,0.004217185438847082
efficientnet_b0_image_encoder,efficientnet_feature_1139,0.0007784145380895779
efficientnet_b0_image_encoder,efficientnet_feature_1140,0.005562177807178159
efficientnet_b0_image_encoder,efficientnet_feature_1141,0.0012566078976306017
efficientnet_b0_image_encoder,efficientnet_feature_1142,0.006919309995510048
efficientnet_b0_image_encoder,efficientnet_feature_1143,0.0037415363107697885
efficientnet_b0_image_encoder,efficientnet_feature_1144,0.00225168662740316
efficientnet_b0_image_encoder,efficientnet_feature_1145,0.0014981221023333546
efficientnet_b0_image_encoder,efficientnet_feature_1146,0.003079588745691808
efficientnet_b0_image_encoder,efficientnet_feature_1147,0.0035151485241300406
efficientnet_b0_image_encoder,efficientnet_feature_1148,0.014033643204129476
efficientnet_b0_image_encoder,efficientnet_feature_1149,0.0004635467589082509
efficientnet_b0_image_encoder,efficientnet_feature_1150,0.002949195705070906
efficientnet_b0_image_encoder,efficientnet_feature_1151,0.0025343857009829662
efficientnet_b0_image_encoder,efficientnet_feature_1152,0.0050064201427630906
efficientnet_b0_image_encoder,efficientnet_feature_1153,0.0008327700188317522
efficientnet_b0_image_encoder,efficientnet_feature_1154,0.001253228341056456
efficientnet_b0_image_encoder,efficientnet_feature_1155,0.00493509178528484
efficientnet_b0_image_encoder,efficientnet_feature_1156,0.0018156852293316206
efficientnet_b0_image_encoder,efficientnet_feature_1157,0.0019777173873194442
efficientnet_b0_image_encoder,efficientnet_feature_1158,0.0009696953645885742
efficientnet_b0_image_encoder,efficientnet_feature_1159,0.00800150566431057
efficientnet_b0_image_encoder,efficientnet_feature_1160,0.0025558190545780235
efficientnet_b0_image_encoder,efficientnet_feature_1161,0.003896234014973743
efficientnet_b0_image_encoder,efficientnet_feature_1162,0.003431315488370501
efficientnet_b0_image_encoder,efficientnet_feature_1163,0.0014002484613229171
efficientnet_b0_image_encoder,efficientnet_feature_1164,0.0043065930114210005
efficientnet_b0_image_encoder,efficientnet_feature_1165,0.0006601004231381324
efficientnet_b0_image_encoder,efficientnet_feature_1166,0.0039048190593575782
efficientnet_b0_image_encoder,efficientnet_feature_1167,0.0014422965668288157
efficientnet_b0_image_encoder,efficientnet_feature_1168,0.0031279625507920628
efficientnet_b0_image_encoder,efficientnet_feature_1169,0.00036924579846697725
efficientnet_b0_image_encoder,efficientnet_feature_1170,0.0009886366589917372
efficientnet_b0_image_encoder,efficientnet_feature_1171,0.004982860216955487
efficientnet_b0_image_encoder,efficientnet_feature_1172,0.0007061987237335643
efficientnet_b0_image_encoder,efficientnet_feature_1173,0.0009664909466593485
efficientnet_b0_image_encoder,efficientnet_feature_1174,0.0035505589442266228
efficientnet_b0_image_encoder,efficientnet_feature_1175,0.0027483636844749526
efficientnet_b0_image_encoder,efficientnet_feature_1176,0.002925236080159266
efficientnet_b0_image_encoder,efficientnet_feature_1177,0.0021789917916947843
efficientnet_b0_image_encoder,efficientnet_feature_1178,0.0026694911520337428
efficientnet_b0_image_encoder,efficientnet_feature_1179,0.0009025988619555392
efficientnet_b0_image_encoder,efficientnet_feature_1180,0.002258522104668259
efficientnet_b0_image_encoder,efficientnet_feature_1181,0.00309920616848558
efficientnet_b0_image_encoder,efficientnet_feature_1182,0.0007958545704553899
efficientnet_b0_image_encoder,efficientnet_feature_1183,0.0005048711283279772
efficientnet_b0_image_encoder,efficientnet_feature_1184,0.0057411737795405315
efficientnet_b0_image_encoder,efficientnet_feature_1185,0.003915899660711375
efficientnet_b0_image_encoder,efficientnet_feature_1186,0.001070108100947209
efficientnet_b0_image_encoder,efficientnet_feature_1187,0.002963161748056109
efficientnet_b0_image_encoder,efficientnet_feature_1188,0.004611723111167976
efficientnet_b0_image_encoder,efficientnet_feature_1189,0.00028522568717903596
efficientnet_b0_image_encoder,efficientnet_feature_1190,0.0018456760272584916
efficientnet_b0_image_encoder,efficientnet_feature_1191,0.0027990110770304
efficientnet_b0_image_encoder,efficientnet_feature_1192,0.003299281959613154
efficientnet_b0_image_encoder,efficientnet_feature_1193,0.0029844346919389864
efficientnet_b0_image_encoder,efficientnet_feature_1194,0.0012912055692879676
efficientnet_b0_image_encoder,efficientnet_feature_1195,0.004809232266552499
efficientnet_b0_image_encoder,efficientnet_feature_1196,0.002340132493017677
efficientnet_b0_image_encoder,efficientnet_feature_1197,0.002044855920544819
efficientnet_b0_image_encoder,efficientnet_feature_1198,0.0017436704080751042
efficientnet_b0_image_encoder,efficientnet_feature_1199,0.0018658681711940517
efficientnet_b0_image_encoder,efficientnet_feature_1200,0.0036859074136827985
efficientnet_b0_image_encoder,efficientnet_feature_1201,0.005503546116869984
efficientnet_b0_image_encoder,efficientnet_feature_1202,0.0018177735026654318
efficientnet_b0_image_encoder,efficientnet_feature_1203,0.008981746042081795
efficientnet_b0_image_encoder,efficientnet_feature_1204,0.00295105737080803
efficientnet_b0_image_encoder,efficientnet_feature_1205,0.004747671144514243
efficientnet_b0_image_encoder,efficientnet_feature_1206,0.0007299552760144934
efficientnet_b0_image_encoder,efficientnet_feature_1207,0.004891674362454523
efficientnet_b0_image_encoder,efficientnet_feature_1208,0.0029777300094266934
efficientnet_b0_image_encoder,efficientnet_feature_1209,0.0010818475848139997
efficientnet_b0_image_encoder,efficientnet_feature_1210,0.0008153688954166682
efficientnet_b0_image_encoder,efficientnet_feature_1211,0.0024587484302003304
efficientnet_b0_image_encoder,efficientnet_feature_1212,0.0016544289605064932
efficientnet_b0_image_encoder,efficientnet_feature_1213,0.0005720118718812728
efficientnet_b0_image_encoder,efficientnet_feature_1214,0.009349246422175383
efficientnet_b0_image_encoder,efficientnet_feature_1215,0.006121264013330574
efficientnet_b0_image_encoder,efficientnet_feature_1216,0.0013889883935434
efficientnet_b0_image_encoder,efficientnet_feature_1217,0.0064022148410174395
efficientnet_b0_image_encoder,efficientnet_feature_1218,0.0025873374847975583
efficientnet_b0_image_encoder,efficientnet_feature_1219,0.00029577660167090514
efficientnet_b0_image_encoder,efficientnet_feature_1220,0.0065671071549786575
efficientnet_b0_image_encoder,efficientnet_feature_1221,0.0026316319285406564
efficientnet_b0_image_encoder,efficientnet_feature_1222,0.0040471415566116775
efficientnet_b0_image_encoder,efficientnet_feature_1223,0.0005087312549889589
efficientnet_b0_image_encoder,efficientnet_feature_1224,0.002827977488209399
efficientnet_b0_image_encoder,efficientnet_feature_1225,0.005988969774080033
efficientnet_b0_image_encoder,efficientnet_feature_1226,0.003322585065248518
efficientnet_b0_image_encoder,efficientnet_feature_1227,0.0036466951639084755
efficientnet_b0_image_encoder,efficientnet_feature_1228,0.00021447380843753194
efficientnet_b0_image_encoder,efficientnet_feature_1229,0.0031507877012728613
efficientnet_b0_image_encoder,efficientnet_feature_1230,0.0017070797047722408
efficientnet_b0_image_encoder,efficientnet_feature_1231,0.0007816881950191146
efficientnet_b0_image_encoder,efficientnet_feature_1232,0.0026845951237248755
efficientnet_b0_image_encoder,efficientnet_feature_1233,0.000498975789355427
efficientnet_b0_image_encoder,efficientnet_feature_1234,0.00857399902895395
efficientnet_b0_image_encoder,efficientnet_feature_1235,0.002118316601126935
efficientnet_b0_image_encoder,efficientnet_feature_1236,0.000863183858761829
efficientnet_b0_image_encoder,efficientnet_feature_1237,0.003849788445222657
efficientnet_b0_image_encoder,efficientnet_feature_1238,0.00033650269121210385
efficientnet_b0_image_encoder,efficientnet_feature_1239,0.0052215948604441564
efficientnet_b0_image_encoder,efficientnet_feature_1240,0.0034463332986831574
efficientnet_b0_image_encoder,efficientnet_feature_1241,0.00400610547501401
efficientnet_b0_image_encoder,efficientnet_feature_1242,0.003621199966005406
efficientnet_b0_image_encoder,efficientnet_feature_1243,0.002675542865972602
efficientnet_b0_image_encoder,efficientnet_feature_1244,0.0008177798743460585
efficientnet_b0_image_encoder,efficientnet_feature_1245,0.0039176896496258
efficientnet_b0_image_encoder,efficientnet_feature_1246,0.0039022148040430693
efficientnet_b0_image_encoder,efficientnet_feature_1247,0.00035313225499500334
efficientnet_b0_image_encoder,efficientnet_feature_1248,0.006987957538854062
efficientnet_b0_image_encoder,efficientnet_feature_1249,0.006353189924880098
efficientnet_b0_image_encoder,efficientnet_feature_1250,0.0049708667093284475
efficientnet_b0_image_encoder,efficientnet_feature_1251,0.00032321028907134064
efficientnet_b0_image_encoder,efficientnet_feature_1252,0.0009135448622288322
efficientnet_b0_image_encoder,efficientnet_feature_1253,0.003891365289177884
efficientnet_b0_image_encoder,efficientnet_feature_1254,0.00562684265628377
efficientnet_b0_image_encoder,efficientnet_feature_1255,0.007194016380140056
efficientnet_b0_image_encoder,efficientnet_feature_1256,0.003638610819734822
efficientnet_b0_image_encoder,efficientnet_feature_1257,0.001445656538695772
efficientnet_b0_image_encoder,efficientnet_feature_1258,0.0024461963137127896
efficientnet_b0_image_encoder,efficientnet_feature_1259,0.005658902147217759
efficientnet_b0_image_encoder,efficientnet_feature_1260,0.0025140882668210907
efficientnet_b0_image_encoder,efficientnet_feature_1261,0.0010273233385902358
efficientnet_b0_image_encoder,efficientnet_feature_1262,0.0026788309346983397
efficientnet_b0_image_encoder,efficientnet_feature_1263,0.0011161345118324562
efficientnet_b0_image_encoder,efficientnet_feature_1264,0.004017199158170115
efficientnet_b0_image_encoder,efficientnet_feature_1265,0.0015011007948046995
efficientnet_b0_image_encoder,efficientnet_feature_1266,0.0013824182611301694
efficientnet_b0_image_encoder,efficientnet_feature_1267,0.0013887069736995272
efficientnet_b0_image_encoder,efficientnet_feature_1268,0.001609475880940181
efficientnet_b0_image_encoder,efficientnet_feature_1269,0.008253939515498132
efficientnet_b0_image_encoder,efficientnet_feature_1270,0.0017239173383387651
efficientnet_b0_image_encoder,efficientnet_feature_1271,0.004127545987785197
efficientnet_b0_image_encoder,efficientnet_feature_1272,0.0022725656246365133
efficientnet_b0_image_encoder,efficientnet_feature_1273,0.0009975422833292669
efficientnet_b0_image_encoder,efficientnet_feature_1274,0.00028680111424961297
efficientnet_b0_image_encoder,efficientnet_feature_1275,0.0012892248283264962
efficientnet_b0_image_encoder,efficientnet_feature_1276,0.0004679721426583683
efficientnet_b0_image_encoder,efficientnet_feature_1277,0.0002944559643980327
efficientnet_b0_image_encoder,efficientnet_feature_1278,0.0035524071481631836
efficientnet_b0_image_encoder,efficientnet_feature_1279,0.0031543088408909625
metadata_mlp_encoder,metadata_mlp_feature_0,0.0016603091857287922
metadata_mlp_encoder,metadata_mlp_feature_1,0.0
metadata_mlp_encoder,metadata_mlp_feature_2,0.0
metadata_mlp_encoder,metadata_mlp_feature_3,0.001471592481337325
metadata_mlp_encoder,metadata_mlp_feature_4,0.005167483163017295
metadata_mlp_encoder,metadata_mlp_feature_5,0.0039675781623600415
metadata_mlp_encoder,metadata_mlp_feature_6,0.0
metadata_mlp_encoder,metadata_mlp_feature_7,0.0
metadata_mlp_encoder,metadata_mlp_feature_8,0.006279794473016409
metadata_mlp_encoder,metadata_mlp_feature_9,0.0
metadata_mlp_encoder,metadata_mlp_feature_10,0.012453144701169094
metadata_mlp_encoder,metadata_mlp_feature_11,0.0
metadata_mlp_encoder,metadata_mlp_feature_12,0.00039213005098193143
metadata_mlp_encoder,metadata_mlp_feature_13,0.0
metadata_mlp_encoder,metadata_mlp_feature_14,0.0
metadata_mlp_encoder,metadata_mlp_feature_15,0.0037250548135148165
metadata_mlp_encoder,metadata_mlp_feature_16,0.004511120224805154
metadata_mlp_encoder,metadata_mlp_feature_17,0.002579952270252761
metadata_mlp_encoder,metadata_mlp_feature_18,0.0
metadata_mlp_encoder,metadata_mlp_feature_19,0.0
metadata_mlp_encoder,metadata_mlp_feature_20,0.004243300981897846
metadata_mlp_encoder,metadata_mlp_feature_21,0.0036284390421741364
metadata_mlp_encoder,metadata_mlp_feature_22,0.012462431678159192
metadata_mlp_encoder,metadata_mlp_feature_23,0.0
metadata_mlp_encoder,metadata_mlp_feature_24,0.0
metadata_mlp_encoder,metadata_mlp_feature_25,0.0
metadata_mlp_encoder,metadata_mlp_feature_26,0.007892969501881453
metadata_mlp_encoder,metadata_mlp_feature_27,0.0
metadata_mlp_encoder,metadata_mlp_feature_28,0.0
metadata_mlp_encoder,metadata_mlp_feature_29,0.00964417280596308
metadata_mlp_encoder,metadata_mlp_feature_30,0.0035791236306295104
metadata_mlp_encoder,metadata_mlp_feature_31,0.006637180853772406
